0.0,0.0,0.0,0.0
-0.00023231094829488994,0.0005486452873015438,-0.023231094829488992,0.05486452873015438
-1.7716460048392696e-5,4.259763368898552e-5,0.021459448824649723,-0.05060476536125583
0.00041693928386800935,-0.0009825923018937448,0.043465574391640206,-0.10251899355827304
0.00030971098292344727,-0.0007293388318399465,-0.01072283009445621,0.025325347005379834
3.827099209798311e-5,-9.019633238749509e-5,-0.027143999082546413,0.06391424994524514
-0.00024716071142232774,0.0005811820478688547,-0.028543170352031084,0.06713783802563497
-0.0007286579637999443,0.0017163225211328768,-0.048149725237761655,0.11351404732640222
-0.0008922063543531941,0.00210348128497971,-0.016354839055324977,0.03871587638468331
-0.0005143223847985151,0.001216460605853737,0.03778839695546791,-0.08870206791259728
-0.0006789970428119878,0.0016144414194033834,-0.016467465801347267,0.03979808135496464
-0.0013861622296218418,0.0032969795872476947,-0.07071651868098541,0.16825381678443113
-0.0015520772383881597,0.003707323425463929,-0.016591500876631797,0.041034383821623444
-0.0022611412355671412,0.005408609755053214,-0.07090639971789814,0.1701286329589285
-0.0024296229194113624,0.005844165396492893,-0.016848168384422123,0.043555564143967884
-0.0022024429133920306,0.005358440154210236,0.02271800060193318,-0.04857252422826579
-0.0025190675335560408,0.0061698615067681305,-0.031662462016401,0.08114213525578949
-0.002788739572834819,0.006883931413969702,-0.02696720392787779,0.07140699072015716
-0.0032452661498820826,0.008054561673717544,-0.045652657704726374,0.11706302597478413
-0.0042461934643026,0.010528416590728954,-0.1000927314420518,0.24738549170114105
-0.004708050800383932,0.01175130135999149,-0.046185733608133155,0.12228847692625366
-0.00499240963109322,0.012581098049104487,-0.02843588307092878,0.08297966891129957
-0.004738612819357112,0.012168410584876147,0.02537968117361076,-0.04126874642283397
-0.003946717180585562,0.010513575377422382,0.079189563877155,-0.16548352074537648
-0.0037004189635009453,0.010173107094339561,0.024629821708461647,-0.03404682830828218
-0.00399941767760516,0.011144279722883428,-0.02989987141042149,0.0971172628543868
-0.004501688241459512,0.012620394868240728,-0.05022705638543523,0.14761151453572993
-0.004465718653252518,0.012853312060026614,0.0035969588206994293,0.023291719178588743
-0.0038917755593744583,0.011845369779815483,0.05739430938780595,-0.1007942280211131
-0.0027797223106450853,0.009595057731783006,0.11120532487293733,-0.22503120480324773
-0.001129021999653671,0.0060970287291326735,0.16507003109914142,-0.3498029002650333
-2.2811225026089744e-5,0.0039022934524920905,0.11062107746275812,-0.2194735276640583
0.0005397891890465473,0.0030024831815106887,0.056260041407263706,-0.08998102709814018
0.00100873498843401,0.0023316543305215015,0.04689457993874627,-0.06708288509891869
0.001699482819063595,0.0011430312443255974,0.06907478306295849,-0.11886230861959042
0.001847639744847517,0.0012395986081725956,0.014815692578392214,0.009656736384699813
0.0025374487016823974,5.973685493141116e-5,0.06898089568348804,-0.11798617532411844
0.002685010208203852,0.0001617372517906991,0.014756150652145472,0.010200039685928794
0.00229048547433689,0.0015442536809492987,-0.0394524733866962,0.13825164291585995
0.0013536312377582344,0.004209861741384632,-0.09368542365786557,0.2665608060435334
0.0009578782893489403,0.005604824855323495,-0.039575294840929406,0.13949631139388627
0.0011025883623618853,0.00573508213806211,0.014471007301294497,0.013025728273861531
0.0013208558999665424,0.0057047876445538125,0.021826753760465695,-0.0030294493508298097
0.0009952685286559858,0.006972131498233237,-0.03255873713105565,0.12673438536794246
0.0011612948202322033,0.007093431858589841,0.016602629157621757,0.012130036035660333
0.0018671149715721058,0.005956261520482797,0.07058201513399023,-0.1137170338107044
0.0021432361368483154,0.005848752353155305,0.027612116527620953,-0.010750916732749166
0.002149894508996462,0.006391269717585917,0.000665837214814665,0.05425173644306115
0.002605868710561263,0.0058869649785769545,0.045597420156480106,-0.050430473900896194
0.0025178573845910926,0.006681472133767939,-0.008801132597017057,0.07945071551909846
0.0029698717301135037,0.0062153720051311406,0.0452014345522411,-0.046610012863679884
0.0028778024419999692,0.0070490379373981836,-0.009206928811353467,0.08336659322670431
0.0033256469986272627,0.006623178748574994,0.044784455662729344,-0.042585918882318996
0.003229285192696118,0.007498279165893946,-0.009636180593114475,0.08751004173189525
0.003672699637076226,0.007115185511511867,0.04434144443801082,-0.038309365438207926
0.004655821532888229,0.00547434866593349,0.09831218958120036,-0.16408368455783767
0.006178985149536582,0.0025723436820914254,0.15231636166483525,-0.2902004983842065
0.007158844890386547,0.0009621272205516708,0.09798597408499654,-0.16102164615397546
0.008680181319254375,-0.0019231474545181979,0.15213364288678288,-0.2885274675069869
0.009659632679423383,-0.0035304133912016696,0.0979451360169008,-0.16072659366834718
0.01118197880859707,-0.006426490328901205,0.1522346129173686,-0.28960769376995354
0.012163864475370023,-0.008058370167291343,0.09818856667729525,-0.16318798383901387
0.012606005562233742,-0.008432724418493966,0.044214108686371933,-0.03743542512026227
0.013592769965071682,-0.010112447538788925,0.0986764402837939,-0.16797231202949586
0.014040438649161633,-0.01054091505249643,0.0447668684089951,-0.04284675137075061
0.013949341687317693,-0.009721077703517662,-0.009109696184393952,0.08198373489787676
0.014403452480352831,-0.010212078632874402,0.045411079303513874,-0.04910009293567401
0.01540272782280895,-0.012013718152068597,0.09992753424561174,-0.18016395191941953
0.016947528194496287,-0.015129766896970077,0.15448003716873376,-0.3116048744901481
0.01795461132373119,-0.01700817256751306,0.10070831292349011,-0.18784056705429805
0.019508760153241676,-0.020216030169429612,0.15541488295104855,-0.32078576019165533
0.021610747675949997,-0.02476127217160717,0.21019875227083218,-0.45452420021775586
0.023177865818893285,-0.028096808796594014,0.15671181429432873,-0.33355366249868446
0.02421140943730259,-0.030234667381891157,0.10335436184093057,-0.21378585852971416
0.024712280921318438,-0.0311831303600381,0.05008714840158478,-0.0948462978146943
0.024991040434584538,-0.031678634469664076,0.02787595132660996,-0.049550410962597435
0.02473786773778391,-0.030991429225044186,-0.02531726968006266,0.06872052446198897
0.025036462395606668,-0.031679133013721675,0.029859465782275742,-0.06877037886774888
0.024803098364321742,-0.03118388593951066,-0.023336403128492517,0.04952470742110114
0.025121535637200404,-0.03206388596052712,0.03184372728786615,-0.08800000210164609
0.024908112846413425,-0.031761894002616455,-0.021342279078697755,0.030199195791066558
0.025246642181657716,-0.03283663875583175,0.03385293352442912,-0.1074744753215299
0.025053536139895406,-0.03273156019141207,-0.01931060417623117,0.010507856441968388
0.024328945213598432,-0.03144787192872494,-0.07245909262969732,0.12836882626871277
0.023072622674171848,-0.028983072226787608,-0.12563225394265837,0.2464799701937332
0.0212839278116625,-0.02533095442627437,-0.17886948625093496,0.36521178005132376
0.020045687868710062,-0.02304052522626617,-0.12382399429524359,0.22904292000081986
0.019357024434414623,-0.022103201185850102,-0.06886634342954406,0.0937324040416069
0.018133550217808853,-0.019955214568165493,-0.12234742166057694,0.21479866176846074
0.016374744779833632,-0.01659143901970682,-0.17588054379752194,0.33637755484586745
0.015163679140185411,-0.014562665203735184,-0.12110656396482197,0.20287738159716345
0.014499539884565668,-0.01386106194754417,-0.06641392556197442,0.07016032561910124
0.014381916411576495,-0.014482803025794619,-0.01176234729891737,-0.06217410782504487
0.013726796441884622,-0.013868249721730785,-0.0655119969691872,0.06145533040638336
0.012534170038859744,-0.012017102824515275,-0.11926264030248784,0.18511468972155104
0.011887655775223977,-0.011485183745248699,-0.06465142636357674,0.05319190792665762
0.010702860186229318,-0.009709204655703501,-0.11847955889946597,0.17759790895451982
0.010063447017800552,-0.009245345315442908,-0.06394131684287667,0.0463859340260592
0.009511958888347322,-0.009010982628173328,-0.05514881294532301,0.02343626872695795
0.009505407082760422,-0.010084631830866947,-0.0006551805586899329,-0.1073649202693619
0.009099859401320798,-0.010238383673834056,-0.040554768143962416,-0.015375184296711072
0.008155530935761103,-0.00914334756869167,-0.09443284655596945,0.1095036105142386
0.007756310272856352,-0.009357840266694997,-0.039922066290475115,-0.021449269800332654
0.00681801916967851,-0.008320753093578341,-0.09382911031778421,0.10370871731166553
0.0053405146613527835,-0.006030507413055183,-0.14775045083257266,0.22902456805231577
0.004407320660908863,-0.005041846815104045,-0.09331940004439201,0.09886605979511381
0.004017933859413117,-0.005350079005544175,-0.0389386801495747,-0.030823219044013
0.0030881860514266222,-0.004394273082559367,-0.09297478079864946,0.09558059229848079
0.001617963864936723,-0.002173125942474897,-0.14702221864898993,0.222114714008447
0.0006908310548140967,-0.001241698775229292,-0.09271328101226263,0.09314271672456048
-0.0007777794466512749,0.0009647772030685078,-0.14686105014653716,0.22064759782977997
-0.0017042924965930913,0.0018911570739843897,-0.09265130499418164,0.09263798709158819
-0.003173274325976689,0.004102188058187537,-0.14689818293835977,0.22110309842031473
-0.004769904863740284,0.00662211377565288,-0.15966305377635956,0.25199257174653433
-0.006614206988211812,0.009739928707332153,-0.1844302124471528,0.3117814931679272
-0.007919054688714686,0.011603425051288776,-0.13048477005028736,0.1863496343956623
-0.008685241498599248,0.012219995089989437,-0.07661868098845631,0.06165700387006605
-0.008913158635900411,0.011593169348516449,-0.022791713730116202,-0.06268257414729873
-0.008602793606958457,0.009722622331838855,0.031036502894195468,-0.1870547016677593
-0.008837779441863241,0.009164240111280506,-0.023498583490478363,-0.05583822205583497
-0.009617748111866628,0.00991463663758162,-0.0779968670003386,0.07503965263011136
-0.010942737012757648,0.011974402534233796,-0.1324988900891021,0.20597658966521765
-0.012044113367391425,0.013531914734524851,-0.11013763546337765,0.1557512200291055
-0.012769383231973568,0.01423115305018052,-0.07252698645821429,0.06992383156556674
-0.014041029456946111,0.016252943869882467,-0.12716462249725435,0.20217908197019463
-0.014775485529910355,0.017041986344313066,-0.07344560729642441,0.07890424744305981
-0.016057178730829437,0.01916198436701796,-0.12816932009190804,0.21199980227048937
-0.017886555406629766,0.022617605398854334,-0.18293766758003308,0.34556210318363734
-0.019180555013435546,0.024858314609777138,-0.12939996068057785,0.22407092109228044
-0.019940108171191837,0.025892705168051564,-0.07595531577562886,0.10343905582744271
-0.020165747243304413,0.025725593644796214,-0.022563907211257728,-0.016711152325534884
-0.020415086211354547,0.025674186766813375,-0.024933896805013546,-0.005140687798284124
-0.02013061047143549,0.024422017116841374,0.028447573991905666,-0.12521696499719995
-0.01931209100703575,0.021966729986303668,0.08185194643997398,-0.24552871305377047
-0.01904281407337195,0.02086145821046816,0.026927693366380255,-0.11052717758355068
-0.019322250831331787,0.021101158104814156,-0.027943675795983856,0.023969989434599603
-0.020021415554258223,0.022380561672291483,-0.06991647229264361,0.12794035674773266
-0.020185498051587637,0.022447233894743412,-0.016408249732941346,0.006667222245192922
-0.01981470907476489,0.02130296557675464,0.03707889768227481,-0.11442683179887714
-0.018908858533349514,0.018945761054644933,0.09058505414153728,-0.23572045221097082
-0.018551313487578696,0.01792934995569242,0.03575450457708179,-0.10164110989525124
-0.0187415697935399,0.018248954735994773,-0.019025630596120294,0.031960478030235134
-0.018395564180637928,0.01734426610577247,0.03460056129019705,-0.09046886302223034
-0.018597164263971448,0.01777368464283995,-0.020160008333351916,0.04294185370674797
-0.018262334359097646,0.016977198185294928,0.033482990487380106,-0.07964864575450223
-0.018474982340046686,0.017513573499204103,-0.021264798094904107,0.05363753139091734
-0.01815110198606466,0.016823102973760082,0.03238803539820254,-0.069047052544402
-0.017951244380828325,0.01646511510192015,0.019985760523633427,-0.035798787183993576
-0.017214658020609005,0.014878195253041182,0.07365863602193204,-0.15869198488789665
-0.01702501697692407,0.014618801397682582,0.01896410436849357,-0.025939385535860005
-0.016298040437151735,0.013124636940593066,0.07269765397723352,-0.14941644570895157
-0.016117452079624964,0.01295256530584499,0.01805883575267707,-0.017207163474807663
-0.015398981767102618,0.011540461614030202,0.07184703125223457,-0.14121036918147867
-0.014142361697104972,0.008885562618394703,0.12566200699976468,-0.2654898995635498
-0.012346925579288464,0.00498127483946274,0.17954361178165076,-0.3904287778931963
-0.011095687875963735,0.002377397101496525,0.12512377033247288,-0.2603877737966215
-0.009303562102116447,-0.0014959352761114665,0.17921257738472893,-0.38733323776079914
-0.006969519359094559,-0.006648938125592039,0.23340427430218877,-0.5153002849480572
-0.005065272859131675,-0.010797493569777893,0.1904246499962885,-0.4148555444185854
-0.003700290134755163,-0.013693678261474803,0.13649827243765117,-0.2896184691696909
-0.0028734436911163233,-0.015348083363498941,0.08268464436388395,-0.1654405102024138
-0.0025840039956228876,-0.015767458788738777,0.028943969549343578,-0.041937542523983753
-0.0017476502644298065,-0.017514447938520153,0.0836353731193081,-0.17469891497813772
-0.001448019935633296,-0.018032997776892924,0.02996303287965106,-0.051854983837277005
-0.0016847529463476136,-0.01732632300644407,-0.023673301071431764,0.0706674770448854
-0.002457891669538069,-0.015393819364695286,-0.07731387231904552,0.1932503641748783
-0.0026838813126040264,-0.01479083124223643,-0.022598964306595762,0.06029881224588557
-0.003447105831274347,-0.012954033959154366,-0.07632245186703204,0.1836797283082064
-0.0043505796124178485,-0.01081777303949134,-0.09034737811435019,0.21362609196630256
-0.005653329084653573,-0.007765668797987757,-0.1302749472235724,0.30521042415035826
-0.006411140876232956,-0.006021349551493481,-0.0757811791579383,0.17443192464942764
-0.006624752113260476,-0.005577822788232205,-0.021361123702752012,0.04435267632612758
-0.006294495858620062,-0.006432058246957979,0.033025625464041426,-0.08542354587257747
-0.006504365585147224,-0.006024813615539541,-0.020986972652716145,0.04072446314184386
-0.007254299742483256,-0.004356470111785686,-0.07499341573360324,0.16683435037538544
-0.007598929222711074,-0.0036569766074093304,-0.03446294802278185,0.06994935043763556
-0.007400255991034342,-0.0042497126589381975,0.01986732316767323,-0.05927360515288674
-0.007742362138450871,-0.00357459977741256,-0.034210614741652844,0.06751128815256377
-0.008625270570138732,-0.001631204952237616,-0.08829084316878608,0.1943394825174944
-0.008965327476908763,-0.0009754537840984637,-0.03400569067700306,0.06557511681391523
-0.009847013431290765,0.0009565793023884764,-0.08816859543820019,0.193203308648694
-0.010186666437491419,0.001608906893649883,-0.03396530062006531,0.06523275912614065
-0.009984686755726424,0.0009851863383009986,0.020197968176499492,-0.06237205553488845
-0.009241069529022396,-0.0009148436700532176,0.0743617226704027,-0.19000300083542163
-0.007955406872010903,-0.0040953520401326715,0.12856626570114946,-0.3180508370079454
-0.007210968286947489,-0.0060041768891038435,0.07444385850634137,-0.1908824848971172
-0.006972309290497736,-0.006730652217495698,0.02386589964497529,-0.07264753283918543
-0.007273659659367002,-0.006196736907339611,-0.030135036886926585,0.053391531015608645
-0.007030931791415525,-0.006962595462048098,0.024272786795147702,-0.07658585547084873
-0.00664183104506442,-0.008089545213506669,0.03891007463511048,-0.1126949751458571
-0.006792366637561072,-0.007959770896778897,-0.015053559249665185,0.012977431672777193
-0.006398330357421811,-0.009134625837347629,0.03940362801392611,-0.1174854940568731
-0.005459552327867273,-0.011615997083649446,0.09387780295545375,-0.24813712463018167
-0.005059494671559417,-0.012849751633837605,0.04000576563078562,-0.12337545501881586
-0.005197565973991369,-0.012841333061720514,-0.01380713024319518,0.0008418572117090406
-0.00478955547808706,-0.014152239404044918,0.040801049590430793,-0.13109063423244036
-0.004606168761386821,-0.014964266333199793,0.01833867167002393,-0.08120269291548754
-0.003901170045112406,-0.017041945456588353,0.07049987162744148,-0.2077679123388559
-0.002649106135174749,-0.020448965995828558,0.12520639099376568,-0.34070205392402036
-0.0019330788182057856,-0.022634480806731503,0.07160273169689635,-0.21855148109029435
-0.0017521781342855398,-0.02360690533736369,0.018090068392024587,-0.09724245306321867
-0.0021058931287725167,-0.023370863922022107,-0.0353714994486977,0.023604141534158296
-0.0029941138210204544,-0.021927195403086214,-0.08882206922479378,0.1443668518935894
-0.003594602145216074,-0.021215047274131354,-0.06004883241956195,0.07121481289548615
-0.004319307151941738,-0.0202594197012182,-0.07247050067256647,0.0955627572913156
-0.005579414693683969,-0.018087429401738644,-0.12601075417422303,0.2171990299479554
-0.006291484230562204,-0.017253459595775306,-0.0712069536878235,0.08339698059633391
-0.007257545548215813,-0.015860483353193407,-0.09660613176536087,0.13929762425818998
-0.008760360094870925,-0.013238074576511992,-0.15028145466551135,0.2622408776681415
-0.010800592092737043,-0.009379693911007278,-0.20402319978661182,0.38583806655047126
-0.012295246751633494,-0.006835086145502646,-0.14946546588964504,0.2544607765504632
-0.013245306437256518,-0.0055948310849430125,-0.09500596856230231,0.12402550605596341
-0.014735421730475822,-0.003093279543245423,-0.14901152932193054,0.2501551541697589
-0.015682121600481703,-0.0018846095667254157,-0.0946699870005882,0.12086699765200073
-0.016085980063996655,-0.001963457096045464,-0.040385846351495294,-0.007884752932004857
-0.017031245021075996,-0.0007681505265036595,-0.09452649570793403,0.11953065695418047
-0.01743402282582653,-0.0008569275727255562,-0.04027778047505342,-0.008877704622189675
-0.017970412479776352,-0.0006320577475746576,-0.053638965394982155,0.022486982515089862
-0.01904858438046587,0.0008706556743632144,-0.10781719006895198,0.15027134219378718
-0.01958474064924834,0.0010939077964780904,-0.05361562687824674,0.02232521221148759
-0.020663225273115426,0.002600292995880664,-0.10784846238670867,0.15063851994025737
-0.021200241487886417,0.0028325168990182767,-0.053701621477098976,0.02322239031376125
-0.02228013368967854,0.0043531824499145775,-0.10798922017921242,0.15206655508963007
-0.022819111679739698,0.004605051029839457,-0.053897799006115854,0.02518685799248796
-0.02390152146228215,0.006150753614995591,-0.10824097825424496,0.15457025851561337
-0.025527652055604397,0.008993330230628958,-0.16261305933222484,0.28425766156333676
-0.027698191695908814,0.013139748331696694,-0.21705396403044178,0.4146418101067736
-0.02933019845293381,0.016040985550615672,-0.1632006757024998,0.2901237218918976
-0.03042480540314973,0.01770765955956497,-0.10946069502159214,0.1666674008949298
-0.030982748075302758,0.01814656103902494,-0.05579426721530275,0.043890147945996896
-0.03208545651116162,0.01991344426763894,-0.11027084358588596,0.17668832286140013
-0.03373613892684858,0.023018689151573034,-0.16506824156869668,0.3105244883934094
-0.03485163525998299,0.024910742172741984,-0.11154963331344087,0.189205302116895
-0.035432761303836935,0.02559710627521766,-0.058112604385394444,0.0686364102475674
-0.035727982203057014,0.025667127468162607,-0.02952208992200787,0.007002119294494763
-0.035837894424342334,0.025359045846717013,-0.01099122212853229,-0.030808162144559517
-0.0360496102313186,0.025350349609719276,-0.021171580697626355,-0.0008696236997735238
-0.03572740277372704,0.02413983382662842,0.03222074575915575,-0.12105157830908533
-0.03487105719587033,0.02172527643207598,0.08563455778567097,-0.24145573945524407
-0.03432295876209541,0.02009112289865832,0.05480984337749226,-0.16341535334176596
-0.03432341507584771,0.019800297630527968,-4.5631375230205384e-5,-0.02908252681303522
-0.034872141725384664,0.020850203615034618,-0.054872664953695,0.10499059845066505
-0.035494442486794564,0.022121148989908163,-0.06223007614099006,0.1270945374873545
-0.035761898591175706,0.022604323015541893,-0.026745610438114513,0.048317402563373205
-0.036363514472811845,0.0239283881475973,-0.06016158816361402,0.1324065132055407
-0.036430548410552294,0.024044491584436313,-0.006703393774044573,0.011610343683901278
-0.035963227261559004,0.02295457377811541,0.04673211489932865,-0.1089917806320903
-0.03604527354775194,0.02321594555116521,-0.008204628619293518,0.02613717730497979
-0.035592676641669735,0.02226853591099595,0.045259690608220424,-0.09474096401692571
-0.034850240527823546,0.02068926299416923,0.07424361138461864,-0.1579272916826722
-0.03424930638161724,0.01949351187118623,0.06009341462063064,-0.11957511229830017
-0.03367964043389778,0.018417873282424686,0.056966594771945274,-0.10756385887615426
-0.032573984127536225,0.016120285705146162,0.11056563063615579,-0.22975875772785231
-0.03201576353530023,0.015154900835945256,0.05582205922359969,-0.09653848692009048
-0.03092048827072006,0.012957322375062155,0.10952752645801697,-0.2197578460883101
-0.029287632917141107,0.009522334636152516,0.1632855353578952,-0.34349877389096395
-0.028200326993780302,0.007400985695553034,0.10873059233608057,-0.21213489405994818
-0.02765771887458004,0.006585141389449671,0.05426081192002617,-0.08158443061033627
-0.02765935979684826,0.007070635275502988,-0.000164092226821691,0.04854938860533167
-0.027121143670947475,0.00629711479961413,0.0538216125900783,-0.07735204758888584
-0.027127080552411555,0.006824001135925806,-0.0005936881464079224,0.05268863363116766
-0.027677140199480286,0.008651220016262407,-0.05500596470687318,0.18272188803366016
-0.027687641907873817,0.009222550746556703,-0.001050170839353215,0.057133073029429576
-0.027158961709373264,0.008541388820049858,0.05286801985005523,-0.06811619265068453
-0.027175126228002857,0.009167358685433329,-0.0016164518629591604,0.062596986538347
-0.027736134716688583,0.011100676263509872,-0.0561008488685724,0.19333175780765433
-0.027758352541394686,0.011785523656775545,-0.002221782470610209,0.06848473932656726
-0.02724219294026702,0.011225643655499527,0.051615960112766715,-0.05598800012760183
-0.026187665381986507,0.009420920258401671,0.10545275582805108,-0.18047233970978566
-0.025678426640417855,0.008927458185288752,0.05092387415686512,-0.0493462073112918
-0.024630076304167886,0.007181980646603481,0.10483503362499696,-0.17454775386852714
-0.023042244151304354,0.004180725315723594,0.15878321528635309,-0.3001255330879887
-0.021998236821226813,0.0024763011817282733,0.10440073300775404,-0.17044241339953203
-0.021497325766468196,0.0020618304019419903,0.05009110547586175,-0.04144707797862829
-0.021539186558959113,0.002934378461235864,-0.0041860792490918675,0.08725480592938736
-0.022123900046764768,0.005094948500394209,-0.058471348780565556,0.21605700391583454
-0.023251949453790017,0.008548468735623527,-0.11280494070252503,0.34535202352293193
-0.024278900873625477,0.011779803524148216,-0.10269514198354604,0.32313347885246885
-0.024767076591175028,0.013763069817243921,-0.0488175717549551,0.19832662930957057
-0.024717310964752614,0.014506034641879141,0.004976562642241472,0.074296482463522
-0.024130036782202716,0.014012617209528832,0.058727418254989824,-0.049341743235030947
-0.02408929521679611,0.014842737065011888,0.0040741565406606645,0.08301198554830562
-0.023511141329469437,0.01443740647361162,0.057815388732667186,-0.04053305914002671
-0.022734559992521986,0.013597329174603198,0.0776581336947451,-0.08400772990084215
-0.021420420113556764,0.011520114313040394,0.13141398789652237,-0.20772148615628053
-0.020652271612565557,0.010760910210848122,0.07681485009912076,-0.07592041021922719
-0.02042968499106404,0.011315719087865255,0.02225866215015171,0.05548088770171328
-0.02012677767625361,0.011706543666523045,0.03029073148104309,0.03908245786577894
-0.019285523402045375,0.01085280428314754,0.0841254274208234,-0.08537393833755039
-0.017905836455998258,0.008753475178625658,0.13796869460471156,-0.20993291045218831
-0.015987230116172327,0.0054036849136401156,0.19186063398259323,-0.33497902649855427
-0.013528822769500414,0.0007947328625601859,0.24584073466719122,-0.4608952051079929
-0.010529347780271956,-0.005085888186011101,0.2999474989228459,-0.5880621048571286
-0.008071238811708339,-0.00969425991194832,0.24581089685636165,-0.4608371725937219
-0.006152838115827752,-0.01304620986658572,0.19184006958805871,-0.33519499546373993
-0.0036888533515998644,-0.017713630350896407,0.24639847642278873,-0.46674204843106876
-0.0017620351646897318,-0.02114929311001164,0.19268181869101325,-0.3435662759115234
-0.00037106910292463314,-0.023365499462104155,0.13909660617650987,-0.22162063520925146
0.00048496570356385286,-0.024370762489182924,0.0856034806488486,-0.10052630270787692
0.000806591380128627,-0.024169808781744535,0.03216256765647741,0.02009537074383902
0.0016778053989523452,-0.02532261039143372,0.08712140188237183,-0.11528016096891872
0.002014898206686678,-0.025271971129867718,0.03370928077343329,0.005063926156600174
0.002901897948721312,-0.026578215808413005,0.0886999742034634,-0.13062446785452875
0.003255162226591641,-0.02668473558059655,0.03532642778703288,-0.010651977218354425
0.003966761309968135,-0.027698944356554244,0.07115990833764943,-0.10142087759576918
0.004145038516917018,-0.027517312282936843,0.01782772069488823,0.018163207361740305
0.004873936092642269,-0.028699494483009114,0.07288975757252501,-0.11821822000722719
0.0050698134368605575,-0.028688743161048358,0.01958773442182893,0.0010751321960757038
0.004732854014649561,-0.027486584463896242,-0.03369594222109964,0.12021586971521171
0.0038628424721559246,-0.0250908003169952,-0.08700115424936364,0.23957841469010427
0.002960895285670081,-0.022679988518370386,-0.09019471864858432,0.24108117986248156
0.001524508792162102,-0.01906212484219783,-0.14363864935079793,0.36178636761725586
0.000636634188956852,-0.016786990436067684,-0.088787460320525,0.22751344061301434
0.00012092878495138836,-0.015431701946241307,-0.051570540400546365,0.13552884898263767
8.218501101118861e-5,-0.015239733949536887,-0.0038743773940199747,0.019196799670441952
0.0005902876296006008,-0.01637458112740406,0.05081026185894122,-0.11348471778671711
0.0005614003326069044,-0.016278268555192425,-0.002888729699369645,0.009631257221163397
-4.318342948020576e-6,-0.014952099655985932,-0.05657186755549249,0.13261688992064924
-0.0011071119529948714,-0.012393553866418577,-0.11027936100468508,0.25585457895673547
-0.001663595766594076,-0.011156231995370584,-0.055648381359920444,0.12373218710479936
-0.0027583827139062004,-0.008674693093533501,-0.10947869473121245,0.24815389018370826
-0.003308028793042835,-0.007502980503946941,-0.054964607913663456,0.11717125895865602
-0.0043971532238126975,-0.005075707104005796,-0.10891244307698622,0.24272733999411444
-0.006026341870114652,-0.0013870234453824608,-0.16291886463019545,0.3688683658623335
-0.007112493978681323,0.0010125087291987644,-0.108615210856667,0.2399532174581225
-0.008740639528241795,0.004692154371898441,-0.16281455495604724,0.3679645642699677
-0.010911737820103662,0.009661490549413988,-0.21710982918618665,0.49693361775155465
-0.012543082250031794,0.01337388258298279,-0.16313444299281332,0.3712392033568803
-0.01363605937516366,0.015842437970075177,-0.10929771251318651,0.2468555387092387
-0.014191662664832086,0.01707643314059355,-0.05556032896684267,0.12339951705183719
-0.014210486069017942,0.01708131228547193,-0.0018823404185856416,0.00048791448783808145
-0.01403800725707714,0.016674029468591818,0.01724788119408013,-0.040728281688010945
-0.014412854764166212,0.01759818996710138,-0.037484750708907194,0.09241604985095588
-0.014251141417132011,0.017295262198219877,0.016171334703420012,-0.030292776888150297
-0.014636933292558652,0.01832552780081329,-0.03857918754266403,0.10302656025934132
-0.014486383992346053,0.018130825779167286,0.015054930021260016,-0.019470202164600353
-0.013799619138471105,0.016712145611469137,0.06867648538749482,-0.14186801676981486
-0.013660345531089363,0.016626333827429958,0.01392736073817432,-0.008581178403917866
-0.012984357217445399,0.015311744930344059,0.06759883136439637,-0.13145888970858993
-0.011771414044776234,0.012765891872308923,0.12129431726691653,-0.2545853058035136
-0.011104900894950679,0.011542391273832029,0.06665131498255547,-0.12235005984768935
-0.010984246129241725,0.011635838321543112,0.012065476570895406,0.00934470477110838
-0.011409283112244872,0.01304482000716336,-0.04250369830031474,0.14089816856202486
-0.011296229055237668,0.013212008955593617,0.011305405700720458,0.016718894843025703
-0.010645329185476109,0.012139538495932755,0.06508998697615592,-0.10724704596608617
-0.009687729596868346,0.010371923020633887,0.09575995886077628,-0.17676154752988685
-0.009074282269984872,0.009442729510698487,0.061344732688347295,-0.09291935099353986
-0.008652854809843444,0.008989754020053356,0.04214274601414282,-0.045297549064513096
-0.007692325756667005,0.0072848937617010995,0.09605290531764386,-0.1704860258352256
-0.007276399555460136,0.006884655596460539,0.04159262012068698,-0.040023816524056094
-0.006320693113846913,0.005225982273284054,0.09557064416132224,-0.1658673323176485
-0.005090054955529273,0.0029316782042906725,0.123063815831764,-0.22943040689933814
-0.0037866855507022773,0.0004745495323703083,0.13033694048269956,-0.24571286719203642
-0.0019418109823375418,-0.003258040732447934,0.18448745683647355,-0.37325902648182424
0.0002813824721197846,-0.007888145413141784,0.22231934544573262,-0.46301046806938495
0.0019643057933181295,-0.011256276547012226,0.16829233211983446,-0.33681311338704434
0.003108232032193241,-0.013374467641646518,0.11439262388751115,-0.21181910946342916
0.0037140385939473243,-0.014250902718034515,0.06058065617540834,-0.08764350763879965
0.004866210912942664,-0.016449744533901862,0.115217231899534,-0.2198841815867349
0.006565224131043192,-0.019975925524822625,0.1699013218100527,-0.3526180990920763
0.007728006958292184,-0.02227892365547773,0.11627828272489926,-0.23029981306551045
0.008355507422884503,-0.023367520035284164,0.06275004645923186,-0.10885963798064337
0.008448274832726725,-0.023246702876313318,0.009276740984222126,0.012081715897084691
0.009090348912802982,-0.024476791209647793,0.0642074080076257,-0.1230088333334476
0.00919802938804294,-0.024500737542040314,0.010768047523995704,-0.0023946332392519587
0.009855382853244846,-0.02587918422973051,0.06573534652019052,-0.1378446687690195
0.010314883098436667,-0.02684917869632258,0.04595002451918208,-0.09699944665920737
0.01132463324368082,-0.029179509465998617,0.10097501452441524,-0.23303307696760375
0.012885124012078798,-0.03287537171661389,0.15604907683979782,-0.3695862250615267
0.01391353450081403,-0.03538799459558625,0.10284104887352327,-0.25126228789723637
0.014410897826930343,-0.03672685134076195,0.04973633261163114,-0.1338856745175699
0.014609021102414155,-0.03744328891106061,0.01981232754838118,-0.07164375702986583
0.015239010348904907,-0.039265000188383865,0.06299892464907522,-0.1821711277323255
0.015605337024919263,-0.0405537419833462,0.0366326676014356,-0.1288741794962336
0.015548945569802764,-0.04093769905812496,-0.005639145511649991,-0.03839570747787538
0.016047184691601324,-0.04272487997723525,0.0498239121798559,-0.17871809191102964
0.01601692074379349,-0.043362322180240095,-0.0030263947807834465,-0.06374422030048421
0.015486904680273236,-0.04292045007235908,-0.053001606352025284,0.04418721078810138
0.015416554663018688,-0.04366298698645786,-0.0070350017254549035,-0.07425369140987771
0.0159016051092198,-0.045816385463737695,0.048505044620111265,-0.2153398477279832
0.01585911618949921,-0.046829301677732596,-0.004248891972058674,-0.10129162139948994
0.0152896194374338,-0.04670646137883401,-0.05694967520654105,0.012284029889858772
0.014193254372480675,-0.045448966998351104,-0.10963650649531247,0.12574943804829097
0.012569769302342174,-0.0430543060638452,-0.16234850701385017,0.2394660934505901
0.01041852413382045,-0.039516359899461916,-0.21512451685217238,0.3537946164383282
0.007738495311053712,-0.034825413082602785,-0.26800288227667374,0.46909468168591284
0.005611939754862402,-0.03152586844904984,-0.212655555619131,0.3299544633552947
0.0029539720854514858,-0.027048040037753063,-0.26579676694109156,0.4477828411296775
0.000847110551233468,-0.023938130047491495,-0.21068615342180178,0.31099099902615684
-0.0007097615185156282,-0.0221851200835438,-0.15568720697490962,0.17530099639476968
-0.002801273085693484,-0.019222808670401995,-0.20915115671778556,0.29623114131418044
-0.004344260413405323,-0.01760300935581846,-0.15429873277118392,0.16197993145835346
-0.005339409814861628,-0.01731912948543899,-0.09951494014563042,0.028387987037946927
-0.005787003834541171,-0.01836859832633137,-0.044759401967954394,-0.10494688408923811
-0.005752618112678398,-0.02059772985936046,0.003438572186277279,-0.22291315330290867
-0.00517005376547396,-0.024166840015138264,0.05825643472044376,-0.3569110155777805
-0.005122316571229325,-0.026525864429937818,0.004773719424463516,-0.23590244147995523
-0.005608435025032972,-0.027683770267245583,-0.048611845380364734,-0.11579058373077644
-0.00662783494757543,-0.02764576026743553,-0.10193999225424585,0.0038009999810051653
-0.008180341747917038,-0.02641327837025675,-0.1552506800341608,0.12324818971787802
-0.009182343421650703,-0.026542805602365636,-0.10020016737336651,-0.012952723210888417
-0.010300669670369657,-0.026459073666333308,-0.11183262487189549,0.008373193603232874
-0.011952477432182326,-0.025177239496231633,-0.16518077618126686,0.12818341701016742
-0.014138006413310264,-0.02269484985969694,-0.2185528981127938,0.24823896365346898
-0.015773992000755358,-0.02156487675379038,-0.16359855874450943,0.11299731059065601
-0.01794488765726859,-0.019222925497258066,-0.21708956565132306,0.23419512565323142
-0.019567325489835644,-0.018222748221746594,-0.16224378325670544,0.10001772755114727
-0.02172576877772875,-0.01600005905097469,-0.21584432878931037,0.2222689170771902
-0.023336765381541964,-0.015109252267910833,-0.16109966038132162,0.0890806783063858
-0.025484783524187628,-0.012986153598136905,-0.21480181426456635,0.21230986697739268
-0.027086303110887482,-0.012185679516389832,-0.16015195866998538,0.08004740817470732
-0.028141765726962687,-0.012703705910269352,-0.10554626160752045,-0.05180263938795207
-0.02973523143000373,-0.011980186688118186,-0.1593465703041044,0.07235192221511666
-0.03110298161456887,-0.011818131628981925,-0.13677501845651388,0.01620550591362612
-0.033008914325800456,-0.010412679399820757,-0.19059327112315877,0.14054522291611662
-0.03545329393897795,-0.007761095471924828,-0.2444379613177493,0.26515839278959286
-0.03735272426831212,-0.006416937920724123,-0.18994303293341747,0.13441575512007056
-0.03979188406874178,-0.003814262439285666,-0.24391598004296614,0.2602675481438457
-0.04217995848709333,-0.0013435104727273829,-0.23880744183515437,0.24707519665582833
-0.045109203072012806,0.0023998849295433586,-0.29292445849194804,0.37433954022707416
-0.04816277755656028,0.006438958350881845,-0.3053574484547474,0.4039073421338486
-0.051759725032821564,0.011772412323480605,-0.3596947476261282,0.533345397259876
-0.05481745714322105,0.015854771643366013,-0.3057732110399491,0.40823593198854075
-0.05733748345603397,0.018700302800878095,-0.25200263128129174,0.2845531157512083
-0.06012558992521656,0.022219499163614785,-0.2788106469182596,0.3519196362736689
-0.062378129649535444,0.024522342872502777,-0.22525397243188813,0.23028437088879933
-0.0648543310887758,0.027407895460274893,-0.24762014392403436,0.28855525877721167
-0.06679675368206069,0.029094089929825206,-0.1942422593284887,0.16861944695503145
-0.06820614850578546,0.029587788765970922,-0.1409394823724781,0.04936988361457148
-0.06908286815229975,0.028892103779104034,-0.0876719646514286,-0.06956849868668875
-0.07007628069556539,0.028539476106214844,-0.09934125432656375,-0.03526276728891908
-0.07053680790511378,0.026995295842646698,-0.046052720954839865,-0.1544180263568146
-0.0704641204132299,0.0242562722871066,0.007268749188388261,-0.27390235555400966
-0.07094136924738309,0.022874402513276552,-0.047724883415318935,-0.13818697738300498
-0.0708840473567825,0.020284661878451668,0.005732189060059484,-0.2589740634824883
-0.07137542444145716,0.019039929123110994,-0.04913770846746579,-0.12447327553406742
-0.07241492840597613,0.019134740951999154,-0.10395039645189713,0.009481182888815942
-0.07400239145018991,0.02056766265831298,-0.15874630442137877,0.14329217063138275
-0.07509160445341935,0.020870428351952797,-0.10892130032294375,0.030276569363981445
-0.07564535529452704,0.019956942018827535,-0.05537508411076906,-0.09134863331252631
-0.07666422687314552,0.020188795412857615,-0.10188715786184784,0.023185339403007876
-0.07808112247706989,0.021407017758842593,-0.1416895603924367,0.12182223459849792
-0.08004651054338688,0.023968759979163014,-0.19653880663169931,0.2561742220320421
-0.08147708173622582,0.02532092029119007,-0.14305711928389508,0.1352160312027055
-0.08345732983615263,0.028028218161586977,-0.1980248099926802,0.27072978703969086
-0.08490405370006791,0.029538384384509175,-0.14467238639152785,0.15101662229222
-0.08690172143066574,0.03241614813169014,-0.19976677305978296,0.2877763747180959
-0.08836726440675255,0.034110252256344425,-0.14655429760868144,0.16941041246542854
-0.08930144003111969,0.03462758765127367,-0.09341756243671404,0.051733539492924085
-0.08970460899257368,0.03397132898060524,-0.04031689614539967,-0.06562586706684333
-0.09066041177554614,0.03469876959316537,-0.09558027829724497,0.07274406125601325
-0.09108520191426847,0.0342525729675955,-0.042479013872233615,-0.04461966255698717
-0.09097901381423924,0.03263286811945505,0.010618810002922141,-0.16197048481404447
-0.09034148595671805,0.029836083456817947,0.0637527857521196,-0.2796784662637106
-0.09025563404339323,0.02841333998308877,0.008585191332481285,-0.14227434737291778
-0.09072084192270385,0.028358654171186787,-0.046520787931061645,-0.005468581190198302
-0.09173689584180375,0.029670114284580544,-0.10160539190999004,0.1311460113393758
-0.09222021213866984,0.029791470264652318,-0.048331629686608785,0.012135598007177215
-0.09325478853908131,0.031283048568251655,-0.10345764004114796,0.14915783035993385
-0.09375712679597685,0.031589329888299884,-0.05023382568955386,0.030628132004822936
-0.09372751643203653,0.030712830157909862,0.002961036394031953,-0.08764997303900222
-0.09424959941038454,0.03121060824917513,-0.05220829783480059,0.049777809126526754
-0.09423958393422878,0.030524180150285664,0.0010015476155752767,-0.06864280988894643
-0.09369742545528872,0.028652934655079693,0.05421584789400562,-0.1871245495205972
-0.0929837754356159,0.02644497502252043,0.0713650019672827,-0.2207959632559265
-0.09282070747771547,0.025600192942466106,0.016306795790042197,-0.08447820800543229
-0.09320777340295519,0.026114324425495966,-0.03870659252397228,0.05141314830298607
-0.09306108681749489,0.025428343549727336,0.014668658546030292,-0.0685980875768631
-0.09343734781005615,0.026036550317197323,-0.037626099256125485,0.06082067674699877
-0.0932798192046218,0.025444286292482188,0.015752860543435054,-0.059226402471513534
-0.09258849128632823,0.023651263003730244,0.06913279182935764,-0.17930232887519437
-0.09142142225942723,0.020791474625981306,0.11670690269010006,-0.28597883777489397
-0.09080329876421858,0.01927868990409817,0.061812349520865596,-0.15127847218831378
-0.09061242811958482,0.018820834858258285,0.019087064463376407,-0.045785504583988335
-0.08988559986905285,0.01714147193734507,0.07268282505319724,-0.16793629209132135
-0.08970642955860518,0.016796600529544726,0.017917031044767266,-0.034487140780034564
-0.08912425851931251,0.01553933864641696,0.0582171039292672,-0.12572618831277654
-0.08800519363660132,0.013051434624136146,0.11190648827111829,-0.24879040222808135
-0.08634861481461076,0.009326769279211848,0.16565788219905658,-0.3724665344924298
-0.0841535103928247,0.00435543119253753,0.21951044217860582,-0.4971338086674318
-0.08250256135296559,0.0006839556415348929,0.16509490398591173,-0.3671475551002637
-0.08139442697333553,-0.0017005365040226746,0.11081343796300566,-0.23844921455575677
-0.08082816086048562,-0.0028070127913683756,0.05662661128499108,-0.1106476287345701
-0.07971914075262154,-0.005200764050078372,0.11090201078640846,-0.2393751258709997
-0.07915088134730985,-0.006327231229833433,0.05682594053116901,-0.11264671797550604
-0.07912282952097635,-0.006191526696405949,0.0028051826333504934,0.013570453342748395
-0.07855076969822082,-0.007355044810002096,0.057205982275552736,-0.11635181135961467
-0.07851859508454444,-0.007259507958939595,0.00321746136763805,0.009553685106249987
-0.07902614436198734,-0.0059062552015033696,-0.050754927744289365,0.1353252757436226
-0.08007365992912971,-0.0032927466142339576,-0.10475155671423705,0.2613508587269412
-0.08057770727973318,-0.001972810535883282,-0.05040473506034668,0.13199360783506756
-0.08053889522317495,-0.001940742909201434,0.003881205655823519,0.003206762668184787
-0.07995742770174924,-0.003194780550752723,0.05814675214257049,-0.12540376415512888
-0.07991718055111019,-0.0031768587601381008,0.004024715063904921,0.001792179061462229
-0.0804179666130585,-0.001888570358374253,-0.05007860619483146,0.12882884017638477
-0.08037592404827774,-0.0018878530864913192,0.004204256478075756,7.172718829337454e-5
-0.08087532592903172,-0.0006127913277973593,-0.04994018807539784,0.127506175869396
-0.08145364745648491,0.0008460387036750905,-0.057832152745318985,0.14588300314724498
-0.08148997829076031,0.001025450411624281,-0.0036330834275402554,0.017941170794919026
-0.0820686485554282,0.0024879039418325938,-0.057867026466788374,0.14624535302083128
-0.08318992565744095,0.005236212960620294,-0.11212771020127466,0.27483090187876996
-0.08377040595307007,0.00671690261631174,-0.05804802956291322,0.1480689655691446
-0.08489482040095193,0.009496338040283187,-0.11244144478818557,0.2779435423971447
-0.08547978780527861,0.011021222209821607,-0.058496740432668067,0.1524884169538421
-0.08661003006579672,0.01385789970963481,-0.11302422605181042,0.28366774998132016
-0.08757146942867758,0.01632540208141634,-0.09614393628808655,0.2467502371781531
-0.08799569722625648,0.017559857054469125,-0.04242277975789025,0.12344549730527825
-0.08896728031961681,0.02012631710352699,-0.09715830933603309,0.25664600490578654
-0.08940285965234977,0.02147138128909157,-0.04355793327329574,0.13450641855645823
-0.0893030681442992,0.0216008400306095,0.009979150805057901,0.012945874151793074
-0.08924460069902454,0.02187779027785762,0.005846744527466356,0.0276950247248119
-0.08865106241683435,0.020941797227435017,0.05935382821901902,-0.09359930504226031
-0.08860625950916334,0.021350852266317815,0.004480290767100457,0.04090550388827981
-0.08911011835092798,0.023104456911670294,-0.050385884176464654,0.175360464535248
-0.08907907459884663,0.02364700728756015,0.0031043752081344744,0.0542550375889856
-0.08851349675297712,0.022981781408779732,0.056557784586951265,-0.06652258787804198
-0.08849724803478688,0.023667418739745694,0.001624871819024598,0.06856373309659615
-0.08794645215941435,0.023145162720841612,0.0550795875372525,-0.05222560189040827
-0.08686112408227455,0.021414955943301246,0.10853280771397986,-0.17302067775403662
-0.08599661143386785,0.02025735873483754,0.08645126484066946,-0.11575972084637033
-0.08568066467094801,0.020443050053534587,0.031594676291983294,0.01856913186970456
-0.08482920892447789,0.019411487435742752,0.08514557464701213,-0.10315626177918366
-0.08344209311718859,0.017161039817489142,0.13871158072893022,-0.2250447618253611
-0.08151876759685696,0.013686286887454014,0.1923325520331626,-0.34747529300351276
-0.07979636052438115,0.01072096061940532,0.17224070724758078,-0.29653262680486936
-0.07861982492957807,0.00907235461160572,0.11765355948030762,-0.16486060077995998
-0.07690440498766372,0.006173690047070957,0.17154199419143532,-0.2898664564534763
-0.07573342855590279,0.004577825633905151,0.11709764317609417,-0.15958644131658056
-0.074236209435306,0.0022235888069260016,0.14972191205967864,-0.23542368269791494
-0.07219803535572268,-0.0014008514527998066,0.20381740795833098,-0.3624440259725808
-0.06961795526392882,-0.006304949518520262,0.2580080091793868,-0.49040980657204547
-0.06757870207492467,-0.00994182008042068,0.20392531890041465,-0.3636870561900417
-0.06607892079499035,-0.012324314422485536,0.14997812799343233,-0.23824943420648553
-0.06511765046362082,-0.013461431027242895,0.09612703313695313,-0.11371166047573598
-0.06361031368909016,-0.015918188403953627,0.15073367745306648,-0.24567573767107315
-0.06223235299209675,-0.018104013747344053,0.1377960696993415,-0.21858253433904254
-0.061223305854040684,-0.019458616443102594,0.10090471380560674,-0.13546026957585397
-0.060750311817236474,-0.0195912794734431,0.047299403680421015,-0.013266303034050464
-0.06064297395421253,-0.018905805576780142,0.010733786302394063,0.06854738966629575
-0.06107155399034925,-0.016999329801165104,-0.04285800361367156,0.1906475775615038
-0.06203648836245065,-0.013867506655340924,-0.09649343721013981,0.3131823145824179
-0.06245459523222806,-0.01206205700077298,-0.041810686977740985,0.18054496545679435
-0.06341065292125561,-0.009015866760894966,-0.09560576890275543,0.3046190239878014
-0.06382140225849711,-0.0072812142172017655,-0.04107493372415032,0.17346525436932006
-0.06368757598484802,-0.006851138872374847,0.013382627364909735,0.043007534482691845
-0.0630095027738719,-0.007722649063859825,0.06780732109761117,-0.08715101914849774
-0.06287116533246344,-0.007336586134032248,0.013833744140846899,0.03860629298275772
-0.06327249590952858,-0.005693390891888056,-0.04013305770651439,0.16431952421441917
-0.06312976086953316,-0.0053498173217979925,0.014273503999541672,0.034357357009006384
-0.06352733234147648,-0.0037429447679811394,-0.039757147194332126,0.1606872553816853
-0.06338145606720604,-0.0034296936855717827,0.014587627427044135,0.03132510824093568
-0.06269242453410692,-0.0044074363019022894,0.06890315330991167,-0.09777426163305067
-0.06254419848106951,-0.0041172737006641355,0.014822605303740959,0.029016260123815363
-0.06293667798643698,-0.002559956645417312,-0.03924795053674776,0.15573170552468238
-0.06278608883709445,-0.00229258334994596,0.0150589149342533,0.026737329547135202
-0.06317678756628883,-0.0007524240715375162,-0.03906987291943751,0.1540159278408444
-0.06302499012233138,-0.0004966565782857697,0.015179744395745452,0.025576749325174647
-0.062330970950617376,-0.0015228362924613287,0.06940191717140065,-0.10261797141755591
-0.062178678935102726,-0.0012721947037088236,0.01522920155146524,0.025064158875250514
-0.061483920766309756,-0.002305868670417458,0.06947581687929669,-0.10336739667086345
-0.06024656421013815,-0.004625358951149964,0.12373565561716064,-0.23194902807325057
-0.05955014815189843,-0.0056758734536974205,0.06964160582397211,-0.10505145025474563
-0.059394144069819445,-0.0054622906972908915,0.01560040820789866,0.02135827564065293
-0.059778428014365136,-0.003985592103891499,-0.03842839445456903,0.14766985933993923
-0.06070327974721638,-0.0012428709909200878,-0.09248517328512457,0.27427211129714113
-0.062169378184771626,0.002772652685902458,-0.14660984375552494,0.40155236768225455
-0.06309371539401633,0.005511371225902924,-0.09243372092447072,0.27387185400004654
-0.06416079817561528,0.008597406044105707,-0.10670827815989473,0.30860348182027836
-0.06507086832350158,0.011329665489466468,-0.09100701478862927,0.2732259445360761
-0.06544209405692791,0.012813112601533574,-0.03712257334263383,0.14834471120671058
-0.06631145504046114,0.015501195807287867,-0.08693609835332257,0.2688083205754292
-0.06664331434811645,0.01695341383184953,-0.033185930765531224,0.14522180245616645
-0.06752231682459177,0.019735540604717012,-0.08790024764753214,0.27821267728674814
-0.06786516399250433,0.021294796461879206,-0.03428471679125656,0.1559255857162194
-0.06875648084184674,0.024196941866466547,-0.08913168493424106,0.29021454045873396
-0.06911306311100378,0.025889915984665137,-0.035658226915703174,0.16929741181985905
-0.07001950765253319,0.028939444703376754,-0.09064445415294045,0.3049528718711616
-0.07039273034411483,0.030794377773784597,-0.037322269158165174,0.18549330704078415
-0.07023353982922151,0.03146210930724624,0.01591905148933271,0.06677315334616396
-0.0695423472661805,0.030946295192130744,0.06911925630410062,-0.0515814115115493
-0.06831916532512121,0.02924686017887218,0.1223181941059294,-0.16994350132585628
-0.06764739117363561,0.028918462760113804,0.06717741514856015,-0.03283974187583766
-0.06644294229074665,0.02739987858369368,0.12044488828889557,-0.15185841764201255
-0.06474253538231249,0.02477533347766681,0.17004069084341583,-0.2624545106026871
-0.062763968831034,0.021553918858922133,0.19785665512784997,-0.32214146187446774
-0.06025074808416918,0.017123065200734172,0.25132207468648177,-0.443085365818796
-0.0582855892333984,0.014030194109222679,0.19651588507707818,-0.3092871091511493
-0.056640727279691036,0.011729092659435692,0.16448619537073572,-0.2301101449786987
-0.054917601961946214,0.009272501186401232,0.1723125317744819,-0.24565914730344593
-0.053739835233707775,0.008127604852905673,0.11777667282384399,-0.11448963334955592
-0.0531068771772174,0.008289235728642524,0.06329580564903763,0.016163087573685092
-0.051934526855052385,0.0071960886006055755,0.1172350322165016,-0.10931471280369479
-0.0513066864138244,0.007406565635048865,0.06278404412279838,0.021047703444328963
-0.05122322663578891,0.00891962522236925,0.008345977803549218,0.15130595873203848
-0.0506003703476479,0.00917809722452785,0.062285628814101095,0.02584720021586004
-0.049438392653554444,0.008184409233073038,0.11619776940934612,-0.09936879914548125
-0.04882122157653376,0.008497232851672285,0.0617171077020678,0.03128236185992472
-0.04766470434088565,0.007555729713350318,0.11565172356481138,-0.09415031383219677
-0.04596872949559783,0.005358621650212524,0.16959748452878115,-0.2197108063137794
-0.044358769801508574,0.0033791259266450608,0.16099596940892627,-0.19794957235674626
-0.042208179859254576,0.00013252361487743397,0.2150589942253999,-0.3246602311767627
-0.03951612369719109,-0.0043895007612934234,0.2692056162063485,-0.45220243761708573
-0.036360521705930904,-0.010012194244374002,0.3155601991260188,-0.5622693483080579
-0.03373128240713205,-0.01440977210070715,0.26292392987988517,-0.4397577856333148
-0.03164023250264153,-0.017565709129213118,0.2091049904490524,-0.3155937028505967
-0.03008615439244705,-0.019491419367681447,0.15540781101944778,-0.19257102384683292
-0.02906822641301957,-0.020194502234226863,0.10179279794274804,-0.07030828665454175
-0.027502089755431353,-0.022238141929028732,0.15661366575882166,-0.20436396948018679
-0.026471233881352745,-0.023067531131514517,0.10308558740786097,-0.08293892024857866
-0.024891301026155395,-0.025245983124551324,0.15799328551973513,-0.2178451993036806
-0.022761838115635844,-0.02877828025440609,0.21294629105195512,-0.3532297129854766
-0.021165789854438906,-0.031114694929269923,0.1596048261196939,-0.23364146748638326
-0.020102186852078,-0.032264135262219926,0.10636030023609074,-0.11494403329500007
-0.01924048695491614,-0.033010651666607514,0.08616998971618595,-0.07465164043875885
-0.01782664968913736,-0.035136198007171,0.1413837265778777,-0.2125546340563484
-0.01694390461438875,-0.036087640668463504,0.08827450747486115,-0.09514426612925016
-0.01550811853751405,-0.03842703982107079,0.14357860768747002,-0.23393991526072905
-0.014280064377483588,-0.04036301705757629,0.1228054160030463,-0.19359772365055022
-0.012579194427066094,-0.04350640006262275,0.17008699504174937,-0.3143383005046459
-0.010805112489517935,-0.046920340719010835,0.177408193754816,-0.3413940656388087
-0.009558481523563346,-0.049195444597216996,0.12466309659545888,-0.22751038782061622
-0.008838334560270176,-0.0503404612709839,0.07201469632931706,-0.11450166737668993
-0.008644093513430621,-0.0503605340080254,0.019424104683955494,-0.002007273704150367
-0.008975570539230175,-0.04925720816227627,-0.033147702579955446,0.11033258457491275
-0.009832967460960356,-0.04702843957527786,-0.08573969217301813,0.2228768586998411
-0.011216873314046985,-0.04366860284799433,-0.13839058530866288,0.335983672728353
-0.013128259914787749,-0.03916849987502247,-0.19113866007407632,0.4500102972971862
-0.015568475203258292,-0.033515369568473535,-0.24402152884705428,0.5653130306548934
-0.01745554610373629,-0.0292507923285417,-0.18870709004779973,0.42645772399318377
-0.019874686290012836,-0.023801929372600093,-0.24191401862765471,0.5448862955941605
-0.021743627557407046,-0.019712342399604964,-0.18689412673942085,0.40895869729951284
-0.02414772746222228,-0.014408625506179027,-0.24040999048152323,0.5303716893425936
-0.026004512235171487,-0.010435713337607413,-0.18567847729492087,0.39729121685716123
-0.027315388050057947,-0.0077798975732629476,-0.13108758148864608,0.2655815764344466
-0.02808136962441687,-0.006431425533349945,-0.07659815743589227,0.13484720399130024
-0.02856746539361555,-0.005760106380847326,-0.04860957691986801,0.06713191525026188
-0.02890290268297829,-0.005458563550360682,-0.03354372893627403,0.030154283048664403
-0.02869452146679672,-0.006454258697930762,0.020838121618157096,-0.09956951475700795
-0.02902627089395487,-0.006188381748154456,-0.03317494271581469,0.026587694977630638
-0.028813977191255693,-0.0072219251880068815,0.02122937026991751,-0.10335434398524254
-0.02914157470085895,-0.0069962116895020895,-0.0327597509603259,0.022571349850479233
-0.030008943918809188,-0.005512179008412234,-0.08673692179502383,0.14840326810898552
-0.03048975237195336,-0.004955229068667494,-0.048080845314416976,0.05569499397447404
-0.030426860196970575,-0.0056943154044533035,0.006289217498278481,-0.07390863357858095
-0.030904299492095545,-0.005169829418686579,-0.047743929512496834,0.05244859857667246
-0.03192204590151224,-0.00338179442389486,-0.1017746409416696,0.17880349947917196
-0.03239640171651434,-0.0028865806976634736,-0.047435581500209364,0.04952137262313863
-0.03232771662972964,-0.0036810050936245476,0.006868508678469901,-0.07944243959610742
-0.03280001050908751,-0.003205599664756358,-0.04722938793578687,0.04754054288681897
-0.03286610768343036,-0.0036973704166890363,-0.006609717434284443,-0.04917707519326783
-0.032389056889658964,-0.005479981904230099,0.047705079377139546,-0.1782611487541062
-0.03245256377005506,-0.005997010503321451,-0.0063506880396094825,-0.051702859909135174
-0.03197220256776085,-0.007811870286948477,0.048036120229420685,-0.18148597836270267
-0.032031661421615294,-0.008368281132225557,-0.005945885385444487,-0.05564108452770794
-0.032630569252136706,-0.007669593920930178,-0.05989078305214101,0.06986872112953788
-0.03376895927551521,-0.005715280997703428,-0.11383900233785005,0.19543129232267503
-0.034363197905296905,-0.005061134534201809,-0.05942386297816946,0.06541464635016192
-0.034413684085225285,-0.005703482527965485,-0.005048617992838081,-0.06423479937636759
-0.0347406551514984,-0.005705482583466999,-0.03269710662731172,-0.00020000555015139976
-0.0356078382223914,-0.004444909393288865,-0.08671830708930021,0.12605731901781336
-0.03644063910988304,-0.0032770150131741305,-0.08328008874916407,0.11678943801147347
-0.037682631482796436,-0.001151431488761694,-0.12419923729133989,0.21255835244124366
-0.038381880964087525,-0.00031229516968149214,-0.06992494812910904,0.08391363190802018
-0.03945551141247952,0.0014095008445557653,-0.1073630448391994,0.17217960142372574
-0.04107134839205468,0.004413468068043781,-0.16158369795751581,0.3003967223488015
-0.0421460673312116,0.006146906419582429,-0.1074718939156923,0.17334383515386484
-0.042680414680241245,0.0066167975068893575,-0.053434734902964375,0.046989108730692786
-0.0437587984511956,0.008386392404950893,-0.1078383770954355,0.17695948980615353
-0.04495011725861916,0.010440465462070725,-0.11913188074235533,0.2054073057119832
-0.04668642631046632,0.013803826228238027,-0.17363090518471652,0.3363360766167303
-0.04788454888053913,0.015925107991695102,-0.11981225700728046,0.21212817634570752
-0.04924319898590514,0.01846036248349245,-0.13586501053660127,0.2535254491797348
-0.0502772011011535,0.020269421402022668,-0.10340021152483664,0.18090589185302203
-0.051859284942388374,0.02341787215894697,-0.158208384123487,0.31484507569243003
-0.05301381740682802,0.025608156420817554,-0.1154532464439645,0.2190284261870584
-0.053960097908816534,0.02736404592302394,-0.09462805019885151,0.1755889502206383
-0.055456650982151204,0.03048076278564958,-0.14965530733346716,0.31167168626256436
-0.056420440325208675,0.03240752947360463,-0.0963789343057474,0.19267666879550494
-0.057936013319042454,0.03571001387676746,-0.15155729938337809,0.33024844031628287
-0.059579613571054985,0.039394285474243736,-0.1643600252012533,0.3684271597476273
-0.061020203528267994,0.042687274417066726,-0.14405899572130074,0.3292988942822993
-0.061931989963912075,0.04482831503574618,-0.09117864356440794,0.2141040618679455
-0.062315890118392905,0.045825723897488284,-0.038390015448083376,0.09974088617421036
-0.062172429960480315,0.04568417875755411,0.014346015791259346,-0.01415451399341755
-0.061501742938547065,0.044404726518177645,0.06706870219332522,-0.12794522393764646
-0.06138696261899212,0.044540899748723495,0.011478031955494863,0.013617323054584851
-0.06146895173636167,0.045244350685040506,-0.00819891173695458,0.07034509363170119
-0.0610234455927439,0.04480742631670234,0.044550614361777194,-0.04369243683381628
-0.06025785641071455,0.04371951064429614,0.0765589182029348,-0.10879156724062021
-0.058964539589023514,0.04148873697268074,0.12933168216910343,-0.2230773671615402
-0.05719332403117271,0.03822847358090728,0.1771215557850809,-0.32602633917734636
-0.055976427554376255,0.03636798380206416,0.12168964767964505,-0.18604897788431227
-0.055313117495778365,0.035900009646962106,0.06633100585978907,-0.046797415510205276
-0.054119430256550353,0.034263853183609264,0.11936872392280143,-0.1636156463352842
-0.05239499676017856,0.03145587818447257,0.17244334963717917,-0.28079749991366976
-0.0501390566330514,0.027468770631756415,0.2255940127127164,-0.3987107552716155
-0.04735046468625921,0.022291551557757295,0.27885919467921844,-0.5177219073999119
-0.044027700344661115,0.015909593471620496,0.3322764341598098,-0.63819580861368
-0.04016888055280367,0.00830464229159977,0.38588197918574474,-0.7604951180020725
-0.036855833035317045,0.002014958276570066,0.33130475174866225,-0.6289684015029703
-0.03408643626221409,-0.0029802319301117696,0.2769396773102957,-0.4995190206681836
-0.0318589349405435,-0.006697863296529091,0.2227501321670584,-0.3717631366417322
-0.030171956282345352,-0.009151011474568524,0.1686978658198151,-0.24531481780394318
-0.02902452124603322,-0.010348882076597553,0.11474350363121331,-0.11978706020290289
-0.028416051467438863,-0.01029680770552205,0.06084697785943563,0.0052074371075502834
-0.028346372372156658,-0.00899625107597135,0.006967909528220503,0.13005566295507004
-0.028815712745687314,-0.006444813320501359,-0.046934037353065616,0.255143775546999
-0.028740635078847755,-0.005196415985401818,0.007507766683956037,0.12483973350995409
-0.028619337326088203,-0.004070383851442522,0.012129775275955278,0.11260321339592959
-0.029038652229793818,-0.0016780913802542257,-0.04193149037056135,0.2392292471188296
-0.029999148223528387,0.0019861680703205983,-0.09604959937345706,0.3664259450574824
-0.030417708353864804,0.004371714720387269,-0.04185601303364178,0.23855466500666703
-0.031047162714428995,0.007263214419087507,-0.062945436056419,0.2891499698700239
-0.032220533174321345,0.01145335544231824,-0.1173370459892352,0.41901410232307323
-0.033181584259432156,0.015164704487245554,-0.09610510851108123,0.37113490449273134
-0.03360487631882658,0.017637835327736995,-0.042329205939442366,0.24731308404914415
-0.03349140675941522,0.018882044458453415,0.0113469559411363,0.12442091307164187
-0.032841773872309,0.01890280758314736,0.06496328871062178,0.0020763124693946727
-0.03165617397581389,0.017701783782790404,0.11855998964951112,-0.12010238003569552
-0.030848247191512856,0.017434700662573667,0.08079267843010358,-0.0267083120216738
-0.030587899341103196,0.01850127124111199,0.026034785040966013,0.10665705785383255
-0.030875257773239496,0.020902991843526262,-0.028735843213629965,0.24017206024142712
-0.030626923230695886,0.02208602403641879,0.024833454254360905,0.1183032192892528
-0.030927385378612445,0.024614881041264188,-0.03004621479165586,0.25288570048453984
-0.030693334619578592,0.02593642094456425,0.02340507590338535,0.13215399033000635
-0.02992539867923549,0.026056360491412967,0.07679359403431027,0.011993954684871577
-0.029707648329771907,0.02753547248753595,0.021775034946358136,0.1479111996122984
-0.03004032480475557,0.030376426369709067,-0.03326764749836644,0.2840953882173115
-0.030924066683751444,0.03458592517285926,-0.08837418789958741,0.4209498803150188
-0.031276236441654275,0.03761693575211156,-0.035216975790282955,0.30310105792523007
-0.031285512159463055,0.039923000905701576,-0.0009275717808778922,0.23060651535900165
-0.03076531223739509,0.04106991547418115,0.05201999220679672,0.11469145684795783
-0.02971621244716719,0.041062837828123304,0.10490997902278995,-0.0007077646057849496
-0.028619354634706815,0.0410381806718356,0.10968578124603749,-0.002465715628769967
-0.026993774886048715,0.03986097437735208,0.16255797486580992,-0.11772062944835232
-0.024839254425234266,0.037528998563438706,0.21545204608144497,-0.23319758139133767
-0.0221551833058631,0.034036384891216014,0.2684071119371166,-0.34926136722226947
-0.018940565539433574,0.0293736277480033,0.3214617766429525,-0.4662757143212713
-0.016277805615037142,0.02608603734609557,0.2662759924396431,-0.3287590401907734
-0.014165740592689467,0.024162083960654928,0.2112065022347675,-0.19239533854406413
-0.011519725568588556,0.02103525414080582,0.26460150241009095,-0.31268298198491046
-0.00833891515833414,0.016697347916646794,0.3180810410254416,-0.43379062241590255
-0.005706061884314601,0.013696112900751012,0.2632853274019539,-0.30012350158957835
-0.003620058162235418,0.012020787025421498,0.20860037220791827,-0.16753258753295136
-0.002080194662789515,0.011664598940055546,0.1539863499445903,-0.035618808536595215
-2.1334716085075374e-6,0.010064801890371783,0.20780611911810076,-0.15997970496837616
0.0026144523909259697,0.007218061220366698,0.26165858625344773,-0.28467406700050846
0.005770287592950103,0.003117208090460887,0.31558352020241337,-0.41008531299058115
0.009466486199147634,-0.002248740643143193,0.36961986061975305,-0.536594873360408
0.013704539385570586,-0.008894555542808082,0.4238053186422952,-0.6645814899664889
0.017402245947611302,-0.014278668968202766,0.3697706562040716,-0.5384113425394684
0.02056151835768267,-0.018419332647998853,0.3159272410071366,-0.4140663679796086
0.0231838910041352,-0.021331013324935446,0.2622372646452531,-0.29116806769365944
0.026354430280029296,-0.025583683045992203,0.3170539275894096,-0.42526697210567554
0.028990353321521348,-0.028629450234623738,0.263592304149205,-0.3045767188631536
0.031240928484434112,-0.03082898479446854,0.22505751629127635,-0.21995345598448013
0.034042698227132524,-0.034399000487356654,0.2801769742698411,-0.35700156928881166
0.03631283632742823,-0.03679054605300943,0.22701381002957094,-0.23915455656527768
0.03913594442545368,-0.04057012447021988,0.28231080980254447,-0.3779578417210455
0.041429398808034826,-0.04319028134181877,0.22934543825811488,-0.26201568715988865
0.04343362259818789,-0.045225580068254466,0.20042237901530655,-0.20352987264356964
0.044910048094823816,-0.04611849550191465,0.14764254966359225,-0.08929154336601883
0.045859165395822375,-0.04587337218215967,0.09491173009985567,0.024512331975497875
0.046281072138746854,-0.044490925979214856,0.04219067429244755,0.1382446202944813
0.046175474518715814,-0.041968252552127175,-0.01055976200310385,0.2522673427087684
0.04662515554873284,-0.04085538661863244,0.04496810300170257,0.11128659334947402
0.0465461029186727,-0.03859053154395826,-0.007905263006013581,0.22648550746741797
0.04593772791019867,-0.03516802252020146,-0.0608375008474029,0.3422509023756803
0.04588270387388321,-0.0331362155365039,-0.005502403631545617,0.2031806983697559
0.04638024420632883,-0.0324873362718663,0.04975403324456184,0.06488792646375999
0.04721768778797003,-0.0327166399796551,0.0837443581641204,-0.022930370778879897
0.04860724913350139,-0.03432474400829255,0.13895613455313582,-0.16081040286374543
0.049465529676920694,-0.034756870066142746,0.08582805434193053,-0.04321260578501972
0.050876519528552946,-0.036573636912750944,0.14109898516322525,-0.1816766846608197
0.051756933058637995,-0.03722119982127958,0.08804135300850455,-0.0647562908528639
0.052827131497895176,-0.03840227204906442,0.10701984392571831,-0.1181072227784838
0.054451027771092654,-0.04097788186270134,0.1623896273197477,-0.25756098136369243
0.05662915922867965,-0.04495381879203829,0.21781314575869978,-0.3975936929336945
0.058279073834320266,-0.047783921407933416,0.16499146056406136,-0.2830102615895127
0.0600135839932967,-0.05092159521355995,0.17345101589764322,-0.3137673805626528
0.0612220121046217,-0.05293342280484264,0.12084281113250028,-0.20118275912826888
0.06190523747103013,-0.05382731782613573,0.06832253664084352,-0.08938950212930889
0.06206375171110289,-0.05360761485435921,0.015851424007276176,0.021970297177651338
0.06278073540231531,-0.054829291425316784,0.07169836912124203,-0.12216765709575719
0.06297329218215399,-0.05494011832306205,0.01925567798386804,-0.011082689774526686
0.06372466732049055,-0.05649582494875489,0.07513751383365572,-0.1555706625692832
0.06395211828289928,-0.056945524067954105,0.022745096240873036,-0.04496991191992161
0.06365598152204108,-0.05629211756116014,-0.029613676085819843,0.06534065067939662
0.06283620688725791,-0.05453496417455365,-0.08197746347831691,0.17571533866064973
0.06149235925414919,-0.051669887426204146,-0.1343847633108718,0.2865076748349499
0.05962362185413321,-0.047689182866500875,-0.18687374000159798,0.39807045597032703
0.058312087834194455,-0.04513709786417629,-0.13115340199387565,0.25520850023245856
0.05755684656333277,-0.0440043941975811,-0.07552412708616846,0.11327036665951884
0.05643636712939855,-0.04211292695434429,-0.11204794339342192,0.18914672432368046
0.05478773897206048,-0.03907455679007981,-0.16486281573380623,0.3038370164264484
0.05316845047976644,-0.03619877853383901,-0.16192884922940395,0.28757782562408024
0.05210282518623505,-0.0347162651703537,-0.10656252935313937,0.14825133634853085
0.051590236464150833,-0.03462086774048829,-0.05125887220842146,0.009539742986541366
0.05163045840706456,-0.03591053611452018,0.00402219429137269,-0.1289668374031888
0.051140036660072524,-0.036029770304269716,-0.0490421746992036,-0.01192341897495379
0.05011919680114115,-0.03498048137949978,-0.10208398589313744,0.10492889247699358
0.049651420913059394,-0.0353185666721615,-0.04677758880817559,-0.03380852926617223
0.04865296420908773,-0.034485625196305124,-0.09984567039716613,0.08329414758563758
0.048207394592941294,-0.035038314275481375,-0.044556961614643786,-0.055268907917625176
0.04723102282430689,-0.03441882777689992,-0.09763717686344012,0.06194864985814587
0.04648970305250534,-0.0344344382660806,-0.07413197718015493,-0.0015610489180683806
0.04521746961052429,-0.033276688938337004,-0.12722334419810524,0.11577493277435974
0.043414116535618184,-0.030943463731202506,-0.18033530749061022,0.2333225207134499
0.04216278975387291,-0.029987192732190412,-0.12513267817452772,0.0956270999012094
0.041463010951813074,-0.030403279488817825,-0.069977880205983,-0.04160867566274146
0.040230947310235896,-0.02963289586643147,-0.12320636415771821,0.07703836223863553
0.038466526614312324,-0.027675170560507042,-0.1764420695923573,0.19577253059244293
0.03725309273470598,-0.027084149568301758,-0.12134338796063492,0.05910209922052831
0.035506449307949106,-0.025297612712903175,-0.17466434267568748,0.1786536855398584
0.03387307629312943,-0.023838777689252934,-0.16333730148196754,0.145883502365024
0.03170556828862554,-0.021175434834704018,-0.2167508004503896,0.26633428545489163
0.029815907349748465,-0.01921968475144556,-0.18896609388770697,0.1955750083258459
0.028474642924299135,-0.018605194406244873,-0.134126442544933,0.061449034520068474
0.02659743330649542,-0.01676886771826974,-0.18772096178037145,0.1836326687975135
0.024183865397283347,-0.013706579767927603,-0.24135679092120726,0.3062287950342135
0.02123313092469667,-0.009410418110706819,-0.2950734472586678,0.4296161657220785
0.018828084146841832,-0.006428771176017823,-0.24050467778548365,0.2981646934688995
0.01696760828762453,-0.004750891974540025,-0.18604758592173015,0.16778792014777985
0.014764684790772892,-0.0022768482716599464,-0.22029234968516387,0.24740437028800788
0.012020876594640871,0.0014669970741503584,-0.274380819613202,0.3743845345810305
0.009608820063926528,0.0044272393817596034,-0.24120565307143435,0.2960242307609245
0.006653841197001819,0.008677162622591448,-0.29549788669247085,0.4249923240831844
0.004238869912103627,0.011667925041767759,-0.2414971284898192,0.29907624191763105
0.002362752065027887,0.013410400065050792,-0.187611784707574,0.17424750232830338
0.0010247313269019244,0.01391160843509353,-0.13380207381259623,0.050120837004273666
-0.0005323262528921834,0.014961822471447759,-0.15570575797941077,0.10502140363542292
-0.001551894154111179,0.01477647518050523,-0.10195679012189955,-0.018534729094252925
-0.002717575982609141,0.014970572130839783,-0.1165681828497962,0.019409695033455375
-0.004429905835812254,0.0164900356303364,-0.17123298532031134,0.15194634994966172
-0.006689151343564369,0.019337744195746343,-0.2259245507752115,0.2847708565409941
-0.009495978928667293,0.023520556899118358,-0.28068275851029245,0.4182812703372015
-0.012851443556989311,0.029049285599643777,-0.33554646283220185,0.5528728700525419
-0.01567318778679854,0.03338017597158732,-0.28217442298092305,0.43308903719435443
-0.01796284305425123,0.03652840107102233,-0.2289655267452691,0.3148225099435009
-0.019721656371753958,0.038505440329504925,-0.1758813317502726,0.19770392584825938
-0.020950483913352944,0.039319082372516356,-0.1228827541598985,0.08136420430114336
-0.02164978743530251,0.03897343076403681,-0.06993035219495668,-0.03456516084795459
-0.022903182946890862,0.040025971535568174,-0.12533955115883536,0.1052540771531366
-0.023627252451807572,0.03992113347095958,-0.07240695049167083,-0.010483806460859404
-0.024905667788444347,0.0412170060848709,-0.12784153366367762,0.1295872613911323
-0.026738600116226502,0.043915611166677714,-0.18329323277821558,0.26986050818068097
-0.028043208196814322,0.045466865501899614,-0.13046080805878202,0.1551254335221903
-0.029903566583098205,0.04843311831342372,-0.18603583862838838,0.2966252811524106
-0.03123704356312288,0.0502658882410437,-0.13334769800246757,0.18327699276199783
-0.032044454799754166,0.050972515297500985,-0.08074112366312855,0.07066270564572838
-0.032326226530978955,0.050556739973163164,-0.028177173122478742,-0.04157753243378173
-0.03208239499200648,0.04901871171688787,0.024383153897247455,-0.15380282562752956
-0.03131260771591619,0.04635499725594452,0.07697872760902891,-0.2663714460943353
-0.030016126716733524,0.04255858882274173,0.1296480999182662,-0.3796408433202786
-0.028295411816695412,0.03786331025045693,0.17207149000381108,-0.46952785722848
-0.02712902811723037,0.03456835194009549,0.11663836994650412,-0.3294958310361437
-0.026515832593296804,0.03266223069132709,0.06131955239335673,-0.1906121248768398
-0.025371366499208684,0.029579530637049097,0.11444660940881193,-0.3082700054277997
-0.024778555594211608,0.02787050661580917,0.05928109049970773,-0.1709024021239925
-0.02365289048144989,0.024969702046383713,0.11256651127617193,-0.2900804569425458
-0.022376593914897498,0.021773827825600098,0.1276296566552392,-0.3195874220783613
-0.021649587709010206,0.019928334821978064,0.07270062058872914,-0.18454930036220327
-0.021329375067655077,0.01909126656627877,0.03202126413551305,-0.0837068255699295
-0.020828107253252674,0.01787169386624097,0.050126781440240346,-0.12195727000378004
-0.02087465561798821,0.017988230291208107,-0.004654836473553643,0.011653642496713995
-0.02038489200645934,0.016879935539928632,0.048976361152886845,-0.11082947512794752
-0.019358642380336834,0.01454495508172813,0.10262496261225063,-0.2334980458200503
-0.018879340159821376,0.01353744118653631,0.04793022205154588,-0.100751389519182
-0.01786246492914562,0.011292772759524894,0.10168752306757582,-0.2244668427011416
-0.016307478737704172,0.0078056037378468595,0.15549861914414484,-0.34871690216780343
-0.015297509029784953,0.005626905786925313,0.10099697079192191,-0.21786979509215465
-0.01483168403059005,0.0047483647585186434,0.046582499919490185,-0.08785410284066697
-0.013825462245435445,0.0026054157492216095,0.10062217851546063,-0.21429490092970338
-0.012278353006540217,-0.0008068895438647535,0.15471092388952276,-0.3412305293086363
-0.011273550476636484,-0.002937108139883668,0.10048025299037325,-0.21302185960189146
-0.010810186352866954,-0.0037934330063980337,0.046336412376953046,-0.08563248665143658
-0.010324068698119873,-0.004711480044736446,0.048611765474707976,-0.09180470383384123
-0.010378641181258265,-0.004362656402213677,-0.005457248313839064,0.03488236425227692
-0.009940357127784683,-0.005188228018586192,0.043828405347358275,-0.08255716163725156
-0.008958526219278368,-0.007308714986351939,0.09818309085063154,-0.21204869677657473
-0.008209389104164381,-0.008894612092353349,0.07491371151139872,-0.15858971060014096
-0.0074131605243774054,-0.010610840174980998,0.0796228579786976,-0.17162280826276502
-0.007155862947753804,-0.011077328608889603,0.02572975766236011,-0.04664884339086042
-0.00642118996953788,-0.012696384469946614,0.07346729782159235,-0.16190558610570116
-0.00622476445949503,-0.013072268361824915,0.019642551004284983,-0.03758838918783006
-0.006566273278712301,-0.012207762115040887,-0.034150881921726994,0.0864506246784029
-0.006361778516434521,-0.012661741102562374,0.020449476227777937,-0.04539789875214878
-0.005700093089236171,-0.014224282401853264,0.06616854271983502,-0.15625412992908894
-0.005576153824640759,-0.014548454193006662,0.012393926459541259,-0.03241717911533987
-0.005989664417670412,-0.013636873990860826,-0.04135105930296526,0.09115802021458345
-0.00585671636058126,-0.014048184677084673,0.01329480570891519,-0.04113106862238462
-0.005177379308129809,-0.015781927101423725,0.06793370524514508,-0.17337424243390526
-0.005035312386050578,-0.01628190166476523,0.014206692207923144,-0.04999745633415052
-0.005430161789818568,-0.015551268805840294,-0.03948494037679904,0.07306328589249358
-0.005277980800874992,-0.016149106083658018,0.015218098894357643,-0.05978372778177246
-0.005612365187663758,-0.01563483142378235,-0.0334384386788766,0.05142746598756674
-0.006483718442545118,-0.013889264041610302,-0.08713532548813602,0.17455673821720497
-0.007892419966422143,-0.010908585894749002,-0.14087015238770248,0.2980678146861299
-0.00983924545668743,-0.006685170964173755,-0.1946825490265288,0.42234149305752466
-0.011630420233326473,-0.0028487932290212985,-0.17911747766390426,0.3836377735152457
-0.012878072567823685,-0.0003062356523586443,-0.12476523344972115,0.2542557576662654
-0.013773343332168831,0.0014010146546096652,-0.08952707643451471,0.17072503069683095
-0.014126749904891808,0.0018301990837784935,-0.03534065727229769,0.04291844291688282
-0.013938621798948371,0.000984289199037702,0.018812810594343726,-0.08459098847407914
-0.01429296344489815,0.0014225948010202854,-0.03543416459497788,0.04383056019825832
-0.014105640018829699,0.0005845444011732719,0.018732342606845073,-0.08380503998470135
-0.01446065897850749,0.0010294755895081538,-0.03550189596777906,0.04449311883348819
-0.01466540721639364,0.0011214828504774726,-0.02047482378861492,0.009200726096931865
-0.015262096353868571,0.0021416424944193904,-0.05966891374749309,0.10201596439419178
-0.01640133912897601,0.004447145424517202,-0.11392427751074394,0.23055029300978114
-0.01730856141743398,0.006212836322638561,-0.09072222884579682,0.1765690898121359
-0.017675437941588688,0.006715163976704779,-0.03668765241547068,0.05023276540662183
-0.018586386667847676,0.008517476582387447,-0.09109487262589883,0.1802312605682668
-0.019014051869821705,0.009196510697358011,-0.04276652019740279,0.06790341149705639
-0.01890249027915192,0.00862278455385235,0.01115615906697838,-0.05737261435056609
-0.01825170842086023,0.006796152298664322,0.06507818582916915,-0.18266322551880287
-0.01706131048875921,0.003712603958601103,0.11903979321010191,-0.3083548340063219
-0.016414579248790293,0.0019245083410990027,0.06467312399689173,-0.17880956175021004
-0.016013426260164842,0.0007225251157800109,0.04011529886254503,-0.12019832253189917
-0.016154717370343786,0.0008044244245255369,-0.014129111017894394,0.008189930874552595
-0.016001876339952172,0.00019346341040653628,0.01528410303916122,-0.061096101411900056
-0.015307142871659829,-0.0016962558655850824,0.06947334682923437,-0.18897192759916187
-0.014070113523348356,-0.0048688637300504265,0.12370293483114728,-0.31726078644653444
-0.012724409049523598,-0.00830643098386176,0.13457044738247592,-0.3437567253811332
-0.01191863131313723,-0.010484926988804835,0.08057777363863665,-0.21784960049430746
-0.011651887081841231,-0.011412714532780801,0.026674423129599882,-0.09277875439759656
-0.011923684622847819,-0.011094289657678587,-0.027179754100658683,0.03184248751022138
-0.012733935998279135,-0.009530286062597364,-0.0810251375431316,0.15640035950812237
-0.014082955894991782,-0.006717484447617224,-0.1349019896712646,0.281280161498014
-0.014887392516600612,-0.005208987901373651,-0.08044366216088303,0.15084965462435723
-0.01623198153082776,-0.002438321194688345,-0.1344589014227148,0.2770666706685306
-0.017033335041427063,-0.0009588483398797697,-0.0801353510599302,0.14794728548085753
-0.01808059216063463,0.0010977627016986432,-0.10472571192075668,0.20566110415784128
-0.01966991582952774,0.004435178747464033,-0.1589323668893111,0.333741604576539
-0.020718085804528264,0.006501719547360979,-0.10481699750005222,0.2066540799896946
-0.021225954742748087,0.007305392317588092,-0.05078689382198216,0.08036727702271135
-0.022278034509690285,0.009410457023190584,-0.1052079766942197,0.21050647056024918
-0.023169716416287563,0.011156557814581318,-0.08916819065972789,0.1746100791390734
-0.024606669369813858,0.014214547154674689,-0.1436952953526294,0.3057989340093371
-0.0255056262021087,0.016032152074499144,-0.08989568322948424,0.18176049198244554
-0.026951360435304494,0.019176345021947785,-0.14457342331957937,0.31441929474486396
-0.027860676760940332,0.02109539848802187,-0.09093163256358369,0.19190534660740854
-0.028234396229394332,0.021796893756767254,-0.03737194684539997,0.07014952687453842
-0.029156853924119385,0.023843865739051735,-0.09224576947250532,0.20469719822844806
-0.02954458447614433,0.02468165719941398,-0.03877305520249464,0.0837791460362245
-0.030481921928220475,0.026873443288648616,-0.09373374520761428,0.21917860892346333
-0.030885492423939592,0.027865293652856792,-0.04035704957191163,0.09918503642081757
-0.030755814865379538,0.027661889476285294,0.012967755856005451,-0.020340417657149848
-0.030093008469831803,0.026264154527190168,0.06628063955477337,-0.13977349490951252
-0.0288967936768623,0.02366926387602452,0.11962147929695047,-0.25948906511656467
-0.02825038026907922,0.02242973195851348,0.06464134077830812,-0.123953191751104
-0.027069296096734592,0.01998091687133828,0.11810841723446287,-0.2448815087175198
-0.026436862145415144,0.018876166778795497,0.06324339513194499,-0.11047500925427853
-0.02635254828163967,0.01911043868431888,0.008431386377547444,0.0234271905523383
-0.02573227630019174,0.018123230455343947,0.0620271981447927,-0.09872082289749344
-0.024575910880452606,0.015913057604002884,0.11563654197391349,-0.22101728513410623
-0.0239669093921472,0.01503436025025869,0.06090014883054049,-0.08786973537441936
-0.023904807747076495,0.015482776327369517,0.006210164507070549,0.04484160771108256
-0.024389546982928195,0.017257952426505494,-0.048473923585169956,0.17751760991359786
-0.025421471669129257,0.020363533079728376,-0.103192468620106,0.31055806532228825
-0.025917388256044914,0.022247757773303994,-0.04959165869156591,0.18842246935756185
-0.02696201475119325,0.025477315007151446,-0.10446264951483351,0.32295572338474515
-0.027472263471039152,0.02750124203332031,-0.05102487198459032,0.20239270261688624
-0.027448996248590825,0.028327458755375342,0.0023267222448327685,0.0826216722055031
-0.026892676803728467,0.027960125197298763,0.05563194448623596,-0.03673335580765802
-0.025803369286812185,0.026399647987112824,0.10893075169162827,-0.15604772101859393
-0.0252645762824915,0.026201478446974954,0.053879300432068566,-0.019816954013787025
-0.024192201189031773,0.024804471368277042,0.10723750934597279,-0.13970070786979127
-0.022585966285261917,0.022205814479804218,0.16062349037698545,-0.25986568884728245
-0.02152910623664715,0.02095816671074273,0.1056860048614767,-0.1247647769061491
-0.021021049657232834,0.021056057449425496,0.05080565794143161,0.009789073868276738
-0.021061629256776477,0.022498054389918726,-0.004057959954364407,0.14419969404932292
-0.020567178169512777,0.022727564720013346,0.04944510872636984,0.022951033009462024
-0.01953796107683999,0.02174688818162702,0.10292170926727895,-0.09806765383863257
-0.019057756690786673,0.0221137989899975,0.048020438605331735,0.036691080837047904
-0.01804256900772756,0.021268442072794894,0.10151876830591129,-0.0845356917202607
-0.0164923070027162,0.019209757717577595,0.15502620050113614,-0.2058684355217299
-0.014406480849564174,0.015932905508621177,0.20858261531520264,-0.32768522089564195
-0.012868198942513778,0.013989000126448171,0.15382819070503953,-0.19439053821730065
-0.010792660881396032,0.010810620249948293,0.20755380611177474,-0.3178379876499878
-0.008179027271556363,0.006389527729769342,0.26136336098396684,-0.4421092520178951
-0.005026072574063031,0.000713702503782567,0.31529546974933315,-0.5675825225986775
-0.00241627805683633,-0.003672375422278412,0.2609794517226701,-0.43860779260609795
-0.00034807208708288306,-0.0067837968355062665,0.2068205969753447,-0.3111421413227854
0.0011797285118538055,-0.008631780185619463,0.15278005989366886,-0.18479833501131965
0.0023334632581912267,-0.009614636289975623,0.11537347463374212,-0.09828561043561596
0.0034065425628749756,-0.010428372034668747,0.10730793046837489,-0.08137357446931247
0.005024778577016656,-0.012552923515062094,0.1618236014141681,-0.21245514803933468
0.006104605340302753,-0.013433112447719817,0.10798267632860967,-0.08801889326577218
0.006646499948433137,-0.013073285621005949,0.054189460813038395,0.035982682671386865
0.007081804974747991,-0.012492374104773996,0.043530502631485404,0.05809115162319537
0.008063124621374686,-0.013230362842894014,0.09813196466266944,-0.07379887381200179
0.008857497364313497,-0.013556840068307452,0.07943727429388112,-0.032647722541343904
0.010198081250148323,-0.015204279072544685,0.13405838858348268,-0.16474390042372325
0.0120851847680945,-0.018175955832451393,0.18871035179461765,-0.29716767599067084
0.013473558993988423,-0.020009307796086905,0.13883742258939222,-0.18333519636355122
0.015242537817754415,-0.022785984043756854,0.1768978823765992,-0.27766762476699475
0.017560195951957392,-0.026908314901963756,0.23176581342029764,-0.41223308582069024
0.020362674943628253,-0.032233694920869665,0.2802478991670861,-0.5325380018905912
0.022632524780867386,-0.03637150026481841,0.22698498372391318,-0.4137805343948748
0.024371320181963967,-0.03933632014755663,0.17387954010965812,-0.2964819882738216
0.025580250943101845,-0.04113906667740415,0.12089307611378794,-0.18027465298475243
0.02626011621244405,-0.041786978982327236,0.06798652693422036,-0.06479123049230841
0.026411321438057703,-0.04128362973439461,0.01512052256136559,0.05033492479326286
0.027117362751544326,-0.04218560323857484,0.07060413134866214,-0.09019735041802361
0.027294839132444133,-0.04193724505499629,0.017747638089980637,0.02483581835785556
0.02694384878210366,-0.04053927736134474,-0.03509903503404729,0.13979676936515514
0.026064096688280743,-0.03798877370832001,-0.08797520938229156,0.2550503653024725
0.025738474040392645,-0.03683638778179653,-0.03256226478880976,0.11523859265234834
0.024882844788725184,-0.03451954637151188,-0.08556292516674606,0.2316841410284648
0.024165754754824492,-0.03261182743281074,-0.0717090033900691,0.19077189387011437
0.024001092221638005,-0.03208540505794634,-0.016466253318648906,0.052642237486440036
0.024388505492546644,-0.03293695739916199,0.03874132709086374,-0.08515523412156514
0.024908403882447652,-0.03417672483999237,0.05198983899010073,-0.12397674408303794
0.02569898951891875,-0.03613340041639488,0.0790585636471099,-0.19566755764025096
0.027042492030320053,-0.03947690095224323,0.1343502511401305,-0.3343500535848354
0.02785613607477741,-0.0416583200824579,0.08136440444573584,-0.21814191302146707
0.028140849779452852,-0.0426860977416782,0.02847137046754429,-0.10277776592202943
