-0.25989291721094554,0.4833068007864434,-0.5082177589363978,-0.8709730084971967,0.11318251443845585,-0.5375503596060386,1.3428720077053402,-0.15909730801277072,0.9914293845716172,-1.3157056328103403,0.6526822253531411,1.5690334992149069,-0.10011341437007651,-1.5433982400604305,-0.6980305667350124,0.5136415957422289,0.7190194454539219,1.3361335022041372,0.3385780664396993,0.8871494463832469,0.30612412995084587
0.2876876628529378,-1.3747332989712537,1.2929422373698611,-0.26332650143171377,0.16146714910770377,1.727932228006296,2.0694085227030765,-0.606756171658031,1.350398805184411,1.0863524916970868,-0.8483111756788617,0.17650849442996153,-2.422071622704229,-0.7131722708811488,2.0595966210987684,-0.6478112911617698,-1.239807782627995,0.13000022169619213,0.35089201861616975,-0.2317728715592193,0.11784399278770286
-1.1150407416139532,0.2862335165761155,-1.4209266865602928,0.10482717948274589,2.273916501861509,-1.9558604999035014,0.8439303967668695,0.30355621179863285,-0.5933696033849937,-0.42265233150417725,2.6933083952137027,-0.0074650256391313174,0.7687426824421169,1.0545615232748653,1.0921991016764212,-2.304699488109992,1.145894440296042,1.5019388637692077,1.608028182062922,0.8783743072738127,-0.721030280737184
-0.13981105959110574,0.5089355912473637,0.03626358888179936,0.15441067285706467,-4.316259814253937,-2.1393683975488127,2.73208296582609,0.28038255801874357,-2.389459677502174,0.18164547576850226,3.104984940046984,1.5870570305334328,-1.225232441667732,-0.5443278716199879,0.07636207625274671,1.0684841975232116,0.32595037907959057,-0.9368808278183272,0.2639064951188528,0.8694555398163225,0.11929419909166761
-1.0059161503690452,0.004927378926450343,2.5114879034351762,0.3688780420649448,0.18500455308381136,0.7199742348185423,1.8049406255226006,1.276083538463221,-3.041192512639512,-2.4686817991978525,1.509841432978837,-1.0455609602735412,2.0452303465053316,-0.9201254105020362,0.1712058776511024,0.9461108404727571,1.8414341678124404,0.784786499622105,0.6017298049599238,0.5576156360630089,1.971262950428613
0.5117441396026674,-2.086901417402215,-0.3362694893046203,-0.3433395441193093,-0.9874427288174663,0.013199452919161664,-2.297130291353981,-2.715261067567662,2.4659437809212665,1.2075043207142528,-0.9571008731466046,-2.0152668206016946,3.5685982428241534,-2.122922238598675,2.3915234423813176,-1.2419061387172,-3.4500193843259295,-0.9407714137167985,0.886250242606688,-0.4925258471526989,1.589603719204916
1.5847043374979162,-0.10346665738998051,-3.585359913729126,-1.1437923978463604,-2.094199524709785,2.46668409067614,4.287945321243125,2.8958502186148083,-0.3429427157007159,-0.3799099949323666,2.8716460306354503,-0.07757441727935555,-1.0963922626917402,3.6214833829374284,-1.1030416477509335,-0.7344385517298172,-1.8147980733986935,-0.22445502997943884,2.757984154860588,4.221169082504506,0.3786912284459242
-0.755383036005532,-0.5704434156016707,-1.0595563392104461,-0.09615879112162143,3.774712454414827,-3.673968145256803,-2.586278890260545,-0.612988709605847,-2.212366947089023,2.3287971326815757,-0.25374076325594097,-1.8834173581368943,0.022745090206487406,-2.9094057290307123,-1.410387234573614,0.45682372992890974,-1.206798905499983,1.0987679758992648,-4.42620619813334,-0.8337501647808819,-0.9258748503138965
1.737045755843131,2.2535041390047437,-0.47231740056115645,-3.7396218777035672,-2.601574256986521,1.4821617988480131,0.6729791836986168,4.807698764990028,1.023662870819835,-1.793609347829313,2.2047830521536573,2.1352440224626523,-0.9789432856931162,-2.854134510564593,-2.1734550106208834,0.13912747479493293,1.6663594178001093,-0.09218367355338752,-0.8122265157546003,-0.9967203005562024,-0.3054396369773018
-0.8187101259811957,1.324540365928063,5.300300363373067,0.9258543573487262,0.596703517941862,-1.1925770541551823,0.5782580205935911,1.9131879158661744,-1.9524109959828688,1.4506885461564771,-6.817608637628691,-1.0641285243687004,-2.708674048591064,0.9903992803574998,-1.2490680727280061,0.5361747661757277,0.10603370889942099,1.3207328589068084,-5.552432065970612,-1.0219541041258955,-0.6131773627257501
3.644286273945433,-4.6442995989681926,0.9412917632866524,-0.8654818290787492,-1.7877806277912531,-4.124357520260129,2.565625857260537,1.1463993220635385,-1.0523508217108546,1.458432032575128,-0.49843406865699624,0.6392005302346452,-3.771083899748248,-1.1673755890801343,-0.2838135015173537,0.8768242728773391,-0.6286846373795386,1.1571235694028332,-3.243746422934005,-5.104415062976625,1.2264202974490361
-3.882727106764087,2.2254410272127396,1.6806367854903574,2.1438468067820473,-2.0886684718790445,-0.9153320543683505,1.2499039761927855,1.7535602239831076,3.3825021034373237,0.9001813506211919,-5.074110081350286,-2.529727651383722,0.1852405185635369,1.5755136057107313,-0.3743157003831662,2.3092296125491636,-3.687540297677655,-3.6942180572708283,-1.2592206279343108,-0.6723110217933845,0.7335834916823818
-0.695579416199009,0.7963239580034907,3.591251961913707,-1.7306368934848657,-0.2508131928206322,2.054506322391868,-0.1783243330014822,3.913795202673579,-1.5863416572504843,-0.0766005597676854,-0.011031803198440326,0.5552268224935566,-0.5702935435098933,3.365986963312528,-0.6928177684901423,-3.154092853286899,-0.5898492702052409,3.7377748607440937,1.0128483680145934,-0.5688650191449528,2.177789280684418
2.3449145600312273,-1.721651942278522,-1.4994807930739098,2.2560090064059892,0.6265660611913901,1.294392117858675,1.9138119157101228,-2.0799015105966197,-5.196471344097698,-3.0883975827626426,2.4187683549621566,1.8956567887553124,4.295261615079465,-2.8926239477256765,-2.1007857379162114,0.5384591086486271,-7.271414410905809,-3.1062900580546646,-2.2918912992017915,8.692133235844492,2.2987135598725903
2.246419844735829,1.487786183321877,-0.1935118024412219,-3.740933183322298,1.2946867798457276,0.027334414080282032,-3.2525588561442325,6.083190214916884,-2.3126516323097954,-1.4172010387014247,1.6032973823021348,0.6162039885467497,1.4032631519348977,6.381988620960625,-5.969434896411851,1.3548614915052741,-5.621778960794412,-3.5214021671817237,-1.3566572242627823,-2.3804771214450433,-2.7247200635155098
1.1481732650955943,2.4157057985971786,-1.2779759669160697,3.2981927054279616,7.4853227128179425,-3.72066743167987,3.7569183322236235,1.2969634868669617,-1.6727743997738296,1.7823211466121394,1.5886043144700392,-1.3774480518619376,-3.237613748409104,2.3383168832286865,-3.310376036006834,3.382240842785502,0.1652028298364061,-1.1083182593749996,-0.9000291382580548,3.8198073648755524,-3.8033748211175604
-2.1544079610780553,0.6499311559160593,-4.874561479648059,-2.913282958984203,-5.0449195992204325,1.3194385481810933,-0.3734734934136733,-0.7776955948048299,0.89185904643758,3.984301678650253,-5.656807634242789,3.58357326063029,8.999028235239336,-0.4303597216857844,0.3136451383303498,-3.156685653155609,-1.9137826008083039,-0.30511213421600425,0.9774089470008376,0.4992374413924263,1.0876913060880797
1.5539552264755847,-0.626702647266589,2.3050121096530996,0.7574280352132428,-0.4469771569987325,-1.29303020370164,-1.072800319227981,4.1849774822238786,2.897368306926883,-1.270101900479383,-1.0056980096014028,3.0715058894648553,2.955218220786957,-5.799169922586851,-2.0515168165908815,1.802114509231077,1.3446015222499623,1.503223900097397,2.6793033918611058,1.9817332094851503,-1.1536476876770743
1.5058672620382167,2.5466461275129686,-1.4246458380808709,-2.9195092662169757,-0.8661657633420716,2.1339052344029668,-6.083105342878979,2.7299560841823203,-1.1559279376451337,-2.714526638468197,-1.1514527344255656,4.498995757898939,-0.33881276545926925,-1.5859027757958093,-1.9031855701763272,2.9982795868840344,2.602938927006498,0.7076760382053533,-0.07938591340308579,3.168525436745497,0.9967767960716593
-1.3566523308705005,1.3368371369969572,-7.3607080567110765,-3.9541934173808198,3.9306865976480947,-3.490911968433259,-1.0254537678461326,2.054663418390692,-1.657078191267074,4.345436368325752,-4.035496066793591,-0.24564474261629266,-1.8063610032722983,1.3422509971108543,3.033728676888815,-0.5511937526481279,-0.3371707118758817,1.7245398415265643,-3.882138630168797,-4.52378410542409,-1.2162188704444843
5.26971350252756,2.2981739678193414,-1.9896506583534685,-3.078376813345248,1.3323574363355593,-5.642847192417633,3.7314879598235313,-0.7226919759045323,0.1660700338630557,6.395471009108641,-4.236357511091623,-1.2759099559031621,0.8816099286127659,-0.34848117287826874,-1.920297539113188,1.2611882866243065,-4.459267314750489,-0.9754904349704357,-1.9484551671050343,3.5947228248590997,-0.10687561319117517
-5.1251564799680995,-0.06701598675922726,1.1420359504709707,-1.5923695425080788,4.050506008273567,1.7800896520407126,3.0716638267214282,0.5373305228773395,-4.587726348537472,-3.599563116228736,-2.271606484027144,-4.639737933781779,6.948346807805391,0.202158036672604,-3.050563923760081,3.7555205211688683,4.098419734066208,5.709497089185241,-5.406743032813676,-0.8517805373981666,5.053894037927221
-2.4341172193332437,-8.835396598026938,0.22182275121463615,0.9682937771133548,-4.13822488081888,-6.752482247051286,-4.154471799724833,0.9227665959074312,-0.2006758691587368,-0.7593750695467311,1.078371993504284,3.2673684541953594,0.02919050564777459,-2.76860975482144,-1.5299021741006744,-3.77889689524805,1.6678848854551107,-1.8787267685627274,-0.4911742308659347,-5.0082595283405364,4.223198574564637
-3.02116358957482,3.4339790883884094,5.622360210959569,2.855134583840687,6.430302597420524,5.595435138242241,0.3131391648007311,-6.23871344492477,-4.308359545360142,-2.2258480383257018,0.062237725038608804,-5.632471404166151,4.241627681565327,1.1449489313016776,-4.401474972655721,-2.465594432081127,2.982385049744938,-1.7578380541532779,-1.1126259522141602,-1.679782397732811,4.291558091511856
-6.536414318385965,-2.667065289918123,-5.018925632170981,-1.761597890544055,-6.727468154268471,5.9485343206063686,9.002630826519077,2.5361883044300715,1.4998516813716956,3.9528723431779365,6.679151940687793,1.3071918407850056,2.3450872295709893,-1.7083277401554784,-1.2656479829242773,4.801687297096043,-7.184575545501849,2.284696373178357,4.3534083846482385,0.4769329849550485,-2.2336366426819114
1.6992493788294238,-2.5176452064812276,-0.30435790134927876,0.6048109642264675,2.8608762333492845,-1.187559692923926,-4.282555969494779,-2.6861780606182486,1.0708585332013234,2.2714681894851747,-3.584352727666484,-4.9974574452621425,4.4035056394591345,-0.43014667479162644,5.162000711414372,4.8847135648713484,0.9569887127858541,0.31645846758599444,1.811682921688301,-9.610163014230423,-0.2589313509732811
2.219176214617921,3.2714383931877147,1.6311038764509336,-2.5387155178045315,-0.34667998253697807,-1.9108911384451113,1.6092776169660659,1.0818747748158346,2.8995682211081624,2.904095585243004,-1.508670725517103,-4.188398917560248,3.8254648944288956,4.828150118677965,7.039206803059512,-4.546533246659646,-4.128087803669569,2.4299442423392006,3.8184521293419644,-1.0863537109739367,-3.795799323842435
1.9572806588535558,5.98482522497007,4.643398719260496,3.561572770027544,2.919124969333531,2.4382613554759764,3.960463016747917,0.6008177544433753,-6.115610464328103,0.735380086961598,6.21824826936309,-3.674589206853963,5.004945654703631,-9.698384425413735,5.449037709031206,-5.50259088690568,-2.023264724973106,1.1481554332478645,-0.7073709188185175,-9.590012804150332,-3.4404557774673172
-5.2574735143662155,3.0460283692704464,1.9881157144055122,7.049706564656196,-2.649567024063203,3.5039434738064945,3.5101155224637526,0.92347042622897,4.874524572187889,3.7603241224123796,0.2610526120703037,-4.1152310814978055,0.4556536275514116,-3.3206658333829795,-2.937088747676624,0.5432525413539655,-6.6728852045373905,1.8705859403506597,-6.102545560883022,-0.026585860390580085,-1.3422249700589268
-1.9629221823890244,-0.2900103450332687,4.114236061889398,-0.13190873280252088,-3.6021832193379986,0.5498412986467222,-4.006643916774191,-1.8552485785590904,-3.5716647955355403,1.5109428147993276,2.986755611483831,-2.578220754344961,-1.0004798573314413,-1.1282420193649285,2.639267279776119,-2.0825598399956267,-1.1220059331357628,3.8026379393544874,0.6825692041496306,-4.2873595210149835,-5.539757706221745
-1.4045986310351513,0.14139311186226677,-0.8570831833928382,2.635374059637806,4.039820523224664,-8.17331327680921,-0.19078234083349765,-3.6402886384571578,-3.7766791762554686,-0.9085957985414697,-0.06444426207027232,0.28263059798417295,3.4061789446001693,-2.9370145729350243,0.023197041373194505,-7.560724109500878,2.096197968598256,2.928122289563635,-0.30220471145437805,3.395025545890282,2.08714872235787
-7.06288387055254,0.4334452809212712,-6.20958988276965,-2.8315913157817447,4.408538855796967,2.308062949530902,-1.722086241692228,-0.6367565469192482,-1.8467863161721136,-5.172053911022204,5.319973203702658,0.8636275707448011,-0.018411944993112897,-6.096366898753821,-3.4755493571654736,-3.4979238726211475,4.902519266900963,2.818510670797451,-3.1426994254728844,5.98540428482205,3.1573731126641027
9.067159060045013,4.528691363693746,-0.2086636314837409,-0.4901438093747593,-4.350930241614678,4.610740441684729,1.5116712093085083,-10.885750875471642,0.9775496863817421,-0.7588276403723017,-3.496509334475599,-2.5814190894739815,8.854393805652645,2.6049635614571858,4.84485548446685,0.3865574175443893,-2.511532659908935,-1.9099463890337272,1.6675245704325017,2.1174346507114423,-0.206954867735284
1.5216068795985176,-5.058092122933563,0.6453665552354528,-2.840052149645207,3.0369353774057393,-1.4490096625515725,12.26676874693741,1.2385599896501764,-2.7164635480952093,-0.2527333185137579,3.5667890385241092,-5.405420544209905,7.092236440804638,-6.658864867296435,2.8078562507752314,2.9453449754916288,2.2422448058658224,-3.4045249727075433,2.0530348592518872,-2.5608219473864384,7.986307998955425
1.0758485110896001,-6.879427252488277,0.9761799138135638,3.5869879144136503,-1.851580550048989,-5.7612542293808,-1.329554031819683,5.200073358537438,-6.165113756564249,4.887601614007054,-6.9482410597170405,1.2073315820092096,-3.9052235235793282,-3.9117143875872302,-6.2741748168091505,-1.0253880089629392,1.3529459866853277,-6.447478437741637,-0.9534127375138345,-1.4605306796583455,-4.298249500295551
0.03277243017957854,7.509518375991876,-0.47375421317443245,2.6188205737240664,2.6372346616150626,4.552022905758975,1.2505447134870358,-5.630529243112416,3.0795695488881716,-1.6711661406256009,-3.9350708027824255,-3.3195514499923373,0.32921083769363874,1.1815688127858865,2.683069387448195,-0.9844103849426322,3.1061651140143214,-1.491479478379665,2.559653159403069,-0.8617485313286424,-3.143816372784773
-5.300232304805969,0.9437668172988755,4.866777857516333,-1.306496512863446,4.463286667073317,2.890424523624266,0.2235714783527556,1.5629342868904872,-0.17237920147183988,-2.2118776884075073,-3.5534209138054345,0.9020487209409982,-0.08431570713270542,-0.8970941286282077,2.788123200203579,1.6664347531227215,2.339332499191282,2.279095042450925,1.2113793354884639,1.9749397479779778,0.6215652522469091
1.9687676122806415,5.518097963435765,5.8155087780423695,-8.054106298108268,2.9857290510543395,3.614934346473659,8.267359031763075,3.271979564874881,4.499040533508103,-0.489213281464534,9.977087300485532,-6.370846127861052,-2.5076569695973028,7.594602716882073,-2.9061609472065473,-3.7657167356388586,5.868489963322235,2.4467060046164124,-2.4049840522959176,0.44102326413773785,6.173847638532893
2.416911396411968,-5.382956410234566,-2.7429086896243566,0.47828291366900383,-1.10743839254718,-7.874769175431727,-1.9810711354112014,-3.544008634101105,-0.45302635942298863,-1.3444075871021706,0.8150335538974491,8.214793746060451,-0.3659112613540525,-1.486136081719643,-4.898222592300389,-0.5083866263085508,-9.65436556979885,-3.9580903118654422,5.280185479566312,0.4923888794150798,5.530076574165124
2.0493239735064845,1.768783049298468,5.111854072676374,1.0195567921126736,-0.4085824377492613,0.9848551100579448,-1.9537436040442635,0.9591313819290377,7.508413284831985,1.2283993110137206,7.642459855998951,-3.913787783801222,-1.697554467324823,5.069361013871347,1.5490786198014594,3.7267318238298524,-4.03530321352632,4.496283393831145,-3.811861258708845,-11.439158191642557,-2.2851639193436637
0.8084336052168095,-3.4752075247916014,-3.3180093045872123,7.542628560054547,-2.1282586814144575,-0.7901847791600963,2.5129904922333,-9.75031022335926,-5.127472985226144,6.146743075617869,1.3764314598042395,0.0699187659664558,7.562116446452958,0.9888888268109222,-1.5718932119329492,0.40913394075454995,8.705831194091108,-3.2895475542644874,0.9896442574750375,2.5785078646667663,4.612567655864968
4.168662821172508,-2.6136805100535727,-14.781782004726553,-0.6829407745567782,1.8128949138780301,-6.333361970032321,9.755178894232973,-1.3717949312948365,-2.8457698141380234,5.058121838474531,2.9636692450517574,4.730904417746478,-3.2648546977602546,-1.0078812573189175,-5.792560876477202,-0.48023162125350227,-2.032428869934924,-3.0348203557278506,-1.9013546162038863,3.80031908882873,-1.0976643052768544
2.2137679610060275,2.045275759192908,3.580623545409078,4.638925252783346,0.5946182453255742,1.3584572077174402,2.859867452655723,4.148188927344026,-2.7775533493812445,-2.694283858424236,-4.243222981199062,-3.5198833920701667,-1.8047907251567963,1.8579590922987101,-9.28885070223567,3.82406555478516,-2.912863036176234,-3.466710457831803,-1.348662382986296,-3.396910895422662,-4.890988049254807
1.8276588237781133,1.2558619459799194,-2.191844019692225,0.930951783161455,8.118030485054687,1.7720543265120403,2.2667697663768958,4.577134493347376,1.6507058580553642,-0.5412615873429942,6.657003146008479,4.341017687983974,4.045323643924964,1.6523244892487268,2.8133763008417483,2.0390186729396405,-8.815588141459333,7.492845793318955,-2.3136002409668324,2.3994046130402986,-2.412037573699033
-12.532675843682046,-6.242263463992932,3.056301481719868,-7.128028289085776,-0.36156233277687316,-3.894861997208782,-1.428064647385896,-2.144982553968618,-2.918826445544542,-4.773275510576178,-9.192375138351874,-0.816958527955593,5.0051850074046635,4.231724865621521,-3.566699133547409,-6.049311275827492,-7.687025589628767,5.000002399186665,0.4700960118419609,-6.516899364044774,-4.792852893469685
5.596308675762024,-10.159693821180351,1.1553381284950737,-1.823889985233247,-3.169051191288541,-2.0789829911421864,-1.9526918587840822,-5.670325815915869,-1.9630963799531793,10.939640757229153,1.7844901576461076,-7.4345282364297685,-11.098629891971042,-2.8254277042702918,1.000407438783009,-5.052767785751129,2.3857336346384423,-6.8597055818355726,-2.7637086273923037,1.576862334821454,-5.91755870988149
-0.4961835898546584,4.605997187106665,4.864673228113556,0.8109115447638366,9.95940497830954,0.6604480302040494,2.106482888598684,-0.9098572998308251,-3.63170385341522,-6.94037811569626,4.3645732542622335,0.12185568756465937,-0.83592909238672,4.918079822746168,1.7971605734805391,4.769254605947034,-2.1602608666988132,-1.4057691328740693,4.1339711326224675,-0.5714189930614753,1.5268022295769716
4.433585267026853,-0.961890416182804,-1.6253909559972284,11.371550731884986,6.038569501515786,-2.888046969571477,2.9973392762792317,5.110613267383631,8.115575034915619,-1.2960490867644587,11.907140308634505,-1.627242020882752,0.6555505002140527,-10.759604787983568,-4.481229376463247,7.468304016985478,-2.3591224111748237,-0.050369750127698676,1.101162392444663,0.43705081220002334,-1.4377298993835588
-2.45410809732543,1.7482116595854438,2.0168535668730967,9.672416893017758,5.893789595632556,0.5830570841982698,-2.2062620146556746,4.514485365545575,10.145705362452597,0.9150887658873506,1.8130795390278336,9.285876139478388,2.23902488904081,3.3925403548611675,1.712271508312046,9.691608841611133,-2.227562103481225,1.5762820194827027,3.2984439648672024,4.169951508186063,-5.709127694208339
1.6348872025271661,2.4507808844735264,-1.5242359908566634,0.7187838826628281,1.3576593874296785,-4.818043361755989,1.4764397252772232,-6.015809184549466,-6.371127743495863,5.296394262565314,-4.907297102466694,0.6677755138736112,-1.351829098881523,-0.1781663809789934,-5.197256353692406,-4.1581088635876915,-6.316873917848053,-5.940258398199059,-1.2461699583666925,-4.966404765450748,-0.6232230426307392
1.098948011593908,0.33648208412638214,9.137995796105198,-5.682106032962377,0.8078196614876605,4.15967618616689,1.3431555107025694,3.6928168759438393,0.241445549061152,4.887835138050737,-4.989883004566771,-5.168151966330866,-2.5240141696186593,-8.37909935272818,3.451529184899223,-2.149123782359992,0.6237281445832139,1.585026501460715,2.9473663760619764,-3.38928629814804,-2.0046073628917
-0.5275469938619439,4.5420502566941074,-0.31917989341827474,1.107577903757153,5.945880312712744,1.5649641783054624,0.6251195666713605,-3.54622471267723,-2.663664153129906,2.019748535811717,-3.3988249243987987,9.411121853961715,-0.2835341263508464,-11.935260122885778,1.468317507560203,5.747269471174808,-2.6940468779804596,-7.493348675739179,-0.7242682488609128,-6.497530775069173,-2.2374545304067004
3.3625026449195294,-1.9510178663818938,-3.407139253547111,-2.527561515957798,-0.5751317307700272,-1.8098727818501477,-2.767611486110897,0.45211239368161715,0.47817936651131543,0.16733922669962528,2.51843632502949,0.3700034495567248,-0.8745860591204584,8.961423692195755,-6.279655618178319,-4.227954140808515,1.1411309905693514,-1.9543982780639417,-5.944524762248207,1.8288137481632538,3.120837413930197
-12.123098087715583,-4.137332523634332,-1.8156248153105556,4.851548340937134,-4.413069070916042,3.2138244738107336,-1.5506954461881268,3.7802998963326795,-0.23272319789022822,-9.287294983824523,0.46558395966855937,6.234596895104316,0.6104367245213173,3.9208020842112115,-13.995425979708848,-2.222078520738098,6.285770306760645,3.11752703575148,1.8379170151362743,-8.803836857923837,3.474449125854164
0.6962120983805691,10.544939901948483,2.2067410488110957,-4.598818569829699,-3.012654606331909,-4.4810848998932045,1.347728370374827,-2.9964532752946833,3.4094578606436183,1.7258201756515645,9.640884993801691,1.147792739052248,-1.0143209800150181,-7.36721393696541,3.101869352666321,2.8290920957788885,-4.798854927314407,-3.154301641577603,-0.22596424440478868,0.2543989953547806,0.2084397217521518
10.679868820302085,-5.3094171598816775,1.3655472020433763,-6.295921067880657,-2.573010646959888,-4.093190868506664,2.2004322449070717,-1.7642822860739216,1.2602540022829989,-3.636571065655751,-6.134734738588063,-13.036263728763318,2.1035559067142104,4.31866318125446,4.678728438934808,3.8141382025491426,-6.4170921502537235,-1.7661495473721271,7.66659509946998,-3.177567914147131,0.18363873120578345
1.3517801418577626,7.030020319984042,-3.43688954559658,1.5609699014201066,-2.454100461729597,-10.261749487057314,2.6980284755842527,3.681212015879635,-6.229966103415586,1.072180117381082,-0.7354045517094444,-8.938531393453685,2.494497425745856,-2.5243039668340406,-3.903887024291475,-4.901134002809311,14.029948069641033,-2.0971357792695278,1.9208652940440163,9.064536720624556,3.937081304956573
9.153030252664266,7.164958197183376,-0.6640803620525617,7.09100655229696,8.97256161583431,3.9748730350726085,2.370023190250314,-1.4170874266086122,0.3734194623361279,8.23602349243211,2.987111226723575,-1.525479515655201,8.357582451667096,7.382297476657313,2.1517323274213305,-0.09467344457460503,3.1573415451280757,7.863163984962718,6.608925823037412,1.3180776010897317,4.174440220607391
-5.869126564966736,-3.7090495710645457,-0.06364172365941678,-3.0186899137487924,6.908946369247498,0.9590265267051283,-1.3929758131975214,0.17882846307743608,-0.24856829006939207,-1.1837037658724614,3.283298340517658,-16.717387798337384,-7.48658751016311,3.8627133159531937,-2.857755250411276,-2.9467501018879014,3.3736123134923583,3.4637648166305355,-9.086377232532495,-4.578156153376436,4.791008910002752
-4.884262094332309,-3.1260797466786308,-10.952525614245008,-3.4979167677151155,-2.930985996205102,1.8825741952951256,-0.7316330007461989,2.0797235523834203,2.1704718877815674,-5.019024580227853,3.404753626969859,-5.5091765612212145,-3.433427694342268,-4.821526696902831,0.17933859766843585,6.465974066424498,-4.53086583801789,-1.4947812355250973,0.3778482866958522,0.18774749027774973,-1.2715187962005527
0.03438835653461342,-2.597513711857447,10.092652643381427,-0.9114538429078988,3.762616438563275,-1.599352046912215,12.913003600607068,3.068863545748345,-0.055273688480356964,6.912437028136025,-1.4734663685632912,-2.914387264746872,5.235598580480848,-2.32867886853591,-11.568164767789936,3.3031543037438875,4.768643353877183,-6.213356320666831,-6.845140466483728,-2.0138433824934427,-5.47005914475952
4.810760767462607,-2.003068794282803,6.0894780827116675,3.5570411662303094,-0.4026524929246418,1.22886563444654,1.1915749690219193,-0.9729339737653872,-10.016096980431268,1.2666259760268654,-1.4972249225612706,-14.666323199730789,3.240535165144729,3.438502072638019,0.995779368127901,5.3771686095385975,-1.691485790639256,-1.782938046956906,8.189301831209455,-0.4798724677784881,-5.238801954096386
-7.227392663796033,-8.158326486961034,-4.562492745310917,6.587394388811529,-13.834705463952082,-0.4713400915292175,-3.0750903640816256,-8.818642917886638,1.1261889645172085,3.522455184923866,2.391563701055554,-6.07333916133908,-3.195804608193616,0.6533220356522795,-5.177064240424058,1.5454097520640055,0.25121448649933575,-4.443393300448664,-2.3876693333223824,0.25262145684265813,4.373606515026156
4.392677297558066,-5.6966697289814725,5.962213459952251,-5.907933832248927,-4.260711277646809,-5.965867212801065,4.991805561439341,-0.28260554354976675,4.06374984512992,-1.785067807094965,-8.648245817553155,-12.203548881720693,2.8558577640268754,-3.7882757562181295,12.306473360357291,0.2758962321227497,10.539515037036985,8.426014199171487,-9.985360799186445,1.9843729476523688,3.223856674789278
-3.665629875493598,-3.1840473296580822,5.687515641384396,-0.6688640358506106,-4.169185916752051,3.0953066123198494,-3.6990934016746677,0.04133153462086847,6.517996799867555,2.0908102350955207,-9.282501145620024,0.6765093368375286,4.700625488731472,13.655976917484693,-2.6346186370258717,5.197211927996935,-6.2952461175083565,4.914687996422197,-5.942059108552873,2.182059595356674,1.074260223761586
-0.6092466509250821,-4.492200515233172,-1.405800734398893,-0.0820876644153758,6.622326174525905,4.927084076664204,-3.7011658971214247,-1.8706205838927807,1.4353654235769417,-3.8802620700501986,-10.54553871009665,-0.9213944853676721,16.266128936572777,4.100149856399644,0.10054573610338036,-1.4046946139890226,-4.688686277362128,-3.6387043341816083,9.167373786405488,4.820354713821899,-1.0756852599289675
-6.031872813900763,1.1498922933831288,-1.1643134586893404,-5.715423075755587,-1.6068611055222868,2.7091483599087076,5.449960489206656,2.240425862727831,-7.208230620647561,1.2862681090718429,-0.2394825847967701,1.3722286697718584,1.4754503395446967,2.3471728609202556,9.504825578073525,2.889164793021397,10.880852308257829,-0.2786978884583004,1.9931065367413747,-0.6005036871806915,6.179546981677073
-11.988426135247282,8.003353579005935,-2.0802436906194552,-6.130636360902041,-4.006996974085093,1.2610137984798881,1.0344737810219895,-4.176067953601326,-5.46702371373579,8.56442486797442,-5.498744760063537,-5.924209452604884,-8.498383823648467,-5.724807161806766,4.380855214950633,-3.885948821603256,-2.009877998148225,4.02794553531,10.919819723371388,-3.55350140744228,1.2179910568200822
2.4262963780940403,9.69290104273457,5.033969879756805,-4.5626871690497515,5.45682310773761,7.651613066790895,-0.8074028733486671,-3.3093049435189057,-3.164224405201739,3.627556616241196,-4.320959112846156,-9.265478764888496,-4.836138478556443,2.4325524317211586,3.233885286013542,8.899808319968319,-1.9919214799984508,5.412342687002023,-6.074847367741304,-2.840177193174199,0.34921283656763974
8.3531896482744,6.120869052690173,-2.2418061594790677,11.025404525451124,15.772612157182294,12.562131064390899,-1.0687131230125613,-9.42045242696434,5.160827862408716,-10.160857096629954,-2.5014284240957845,-1.862835460906591,-11.125872989315278,-2.795747469724104,2.744266514410568,5.008683813679838,-4.830596446177931,5.241490147314901,-3.6307846243023265,-6.5131102173265765,8.246523886861148
-7.187869545423557,4.659024441149749,-1.1840314049916234,2.5206941967960175,4.156586113001356,0.44187192917168877,5.3305587218052555,-8.363874852196552,10.358455363176834,-10.087564079130571,-0.2105886849779227,-12.30442664381672,2.8542516348410008,-3.636261703423109,-2.1038210242441373,2.3807226186377415,4.355570918551621,4.772127881242645,2.229827177922453,-6.008687775217932,-5.160351528255088
-6.538696724269348,-9.714661609540373,5.206506504865376,-0.204226376058393,3.9131585640406223,-5.204660530988996,-1.981246635180968,-2.2725428461905737,-8.785671399054827,1.266173762445151,-7.740818524591617,-3.3373066809652117,1.3810769817351112,-2.3511340466602637,6.257974273888682,2.7562486871095646,0.4151024722498984,0.739870676915952,10.03126205457985,-1.1145715203744628,4.334598276499899
5.026151883721343,0.1213059930747179,-4.344485937415887,6.510080595421966,2.220097754142246,-1.1481818344242165,-2.0458387908872804,-3.4091415352867647,-5.72831630476326,-0.41039465395276203,5.558226423350934,-1.895194593504486,13.23996719450296,-9.468471905506545,-5.939983516419841,12.576432864995038,6.806015427745951,11.243193443674166,-5.632691889688337,-1.188828697079713,2.7675263568125845
10.058027956860622,13.745226692185629,1.648920313329669,-10.396859255352071,10.531008599205444,-3.4872819840463793,3.039902888912778,-0.07637871763122728,1.22686985301928,6.701539601123905,-10.253197298418435,-13.279065445513451,-0.9969408104760717,-1.7088352043370647,7.28318117092874,-6.067434766679026,4.054136820020093,13.485147002832159,-3.771970209034718,-3.2780002726247366,-1.348981320929183
-9.85254648168782,3.542189815379691,7.347040355337239,-3.1345789770248578,-2.5160253731691697,-6.3294445665844545,-0.1208314680913149,1.508713314210853,-1.4679158110804935,7.80893112583661,-4.026596227175609,-6.886195277485407,8.283447875801013,-5.0864775293667375,3.15894643699252,-7.598913511757948,-4.1479554294471495,-1.2612581167460253,-0.5312310144762951,-1.4128181302685712,-1.067613340488025
8.677096820835233,4.619617000597966,-6.163430174126318,-5.875805820637159,-3.9981286276843315,7.670370784820853,-1.9869965650600743,7.770664007592992,2.133062518823851,8.919616787189009,-7.824032139290463,6.878007698828429,-0.6326765378039614,-2.535734305259626,-6.471227128135662,-0.9803225564884224,4.375174997240927,-6.00834714468163,-1.7698016802635546,8.10375545089926,-6.9320157032772185
-9.922885494186405,10.754950063712451,3.2900651107953185,5.776974187862046,6.565568082143242,6.926564169701196,3.560315387941171,2.9949361555075167,-3.176762065590996,0.8055764258881173,11.093843021522023,-8.493499935225167,4.508937225247885,8.01078682873023,-14.779021977322978,-0.2353779225523745,-8.681298048829705,-4.719074765022838,0.39964334642458177,-8.829137097040164,3.8411347198340478
11.79051935419068,-3.191415705725741,5.869806106828467,-6.691888020225781,3.772426311086971,-2.03702292455076,2.252817466544932,-1.939029276337364,3.1263075464027184,0.26924635297962085,7.549649974946496,-4.121645243457067,-5.139599796121651,-3.457241101190651,-0.7218113266018336,6.8896791874399295,9.496683040346559,-7.0471365477652395,-8.947558899098052,3.6741821435950843,2.1644116911611495
-4.815958992850395,-5.442782195049314,4.207312191793453,-4.37191414173434,-3.9935242098762886,3.1752262358809764,0.6721103585490958,3.268861995926312,-2.1553178381715794,9.037193948078254,12.729316558298608,4.286850704301544,1.5064536509825204,-5.10374280723221,1.4267050186489612,4.7845047515209265,15.5647180711644,-4.919837623874213,0.43817392688837375,-8.887844635055155,-6.446352398267385
-5.984015035088926,4.8128122813023015,5.284623969103433,-0.4385610733948737,-6.953515096312995,4.206107819212821,-8.628391343238833,2.6989262643957326,-14.943233305722627,-9.535292115023207,-2.7774134255371115,10.693302362311044,-2.456446873006171,-2.482942977750429,-3.665809667604881,1.9443456126272658,0.5838452971893887,4.827475966541283,0.02073683439443294,2.4713182673270624,2.8851971837915706
-2.4279162818512297,-10.373729221010759,4.5811141467393774,-2.4191890180676463,-11.10403684498706,-7.661326116636364,-1.030286594360129,-9.680743903961014,2.6818267020085442,8.734427290658742,1.179799237392136,5.949643225168776,-0.04370461819264526,4.811272151794183,5.748488259305215,4.678081038854289,-6.026637809324911,-2.3940184305076437,-3.1477606119842334,3.4138130705970484,-12.482418456937681
-3.5056158730499414,6.444577573021133,16.720928123751058,-1.9645158723261742,-0.19760453293559033,4.90261162949734,-2.890412301235618,0.03485276561771594,-4.728631203183325,9.22763831594466,-3.4834631059832866,8.445018601087376,5.7335706583358235,-15.108287887494145,-3.7456021220886053,-1.0411213191118005,12.124080619896471,-3.0494771152115896,9.585995649104214,-7.291015515186803,-4.656084547522569
5.022285500451074,-0.011583571948823146,-0.03129119088846588,-6.235446333012978,4.432447368417874,-6.7522731947208445,-0.4509066096994782,-5.312802411176318,5.728229941081059,4.605238611212521,1.4070397346037709,-8.535055756257682,2.6847670256937564,5.964113047597003,-1.6627311239704046,-0.6003293042058493,-4.388267059066778,-1.382189405825212,-4.717537694114959,4.359928737935895,-11.81710941046599
2.050540409891833,-3.253112960821539,9.847466941143573,1.6360881788554242,-4.183821825230025,1.9947701170421828,-3.8859020268049305,-9.32331617070632,-1.891393538798263,2.306106208848427,-1.6439622253057968,1.8181185327379759,-3.9961451806249784,-6.595895252992579,9.169862741241765,6.916525158343243,-3.195862204161337,-1.0350425334008015,8.46324193920599,-1.6298213228345877,1.9903410821633702
-1.1682582200419376,12.98431938230113,-0.5819607124581728,0.15484677081041592,1.9778919147401415,-2.8596391135344184,4.813841315320346,6.023215476746585,7.867315013266925,2.3015938745979834,2.2976984313981035,-1.9052932720147442,6.061392487334346,1.4260265059872563,-2.6759481996447168,-8.277101418354945,-10.317667520379066,-13.710814003271484,6.195819820800977,-0.12382205546915892,-11.616495254702038
17.843791802208578,-3.985392067087716,6.705965938861326,8.786988948605325,4.919949187180011,-10.315143914015033,0.0777098431224188,-2.177813921545561,-1.5969731143167567,-4.498205680872456,8.25245365645209,3.167514226604651,4.072814191875864,15.728140228897688,-8.157486537709637,-1.2583176571595442,-9.18884543316347,6.87225140390775,-0.20247263071311367,-13.781347670656851,-3.663838288880112
-2.5011214157228174,8.272814051716393,-3.381344165790972,-4.263259100188419,0.17207586112877007,6.446776766222216,-10.9034031023875,-16.902718285498143,-3.416041144566598,1.5953795637616075,2.690052683556286,1.6518073645763738,3.1559389336425254,-20.49677168154586,5.052667576536134,3.7250217769749203,3.755627520632741,13.197350579512857,2.0072022998669126,1.691800176777711,-0.7037025548623475
1.4555748439088771,-5.681203391983891,-0.964749254137256,0.7468073443434972,-8.721594636457386,8.278378555402568,2.7106470218007686,4.030990386294443,3.5992770169458193,0.25296434260790945,4.431254482025735,9.944108129554952,3.7074110156912727,6.883291226205121,2.0331152181810577,-13.097308725120094,-3.1444047768583454,-2.0175965126346544,-2.255672881433717,-1.41288201296428,16.90767427897079
-5.720388371509759,7.15501989350792,-1.8581587983160266,0.5366117566607467,-15.14047180725473,-1.6419587384475476,-6.692828074325639,0.5766314154906229,16.524277232970555,-2.660249525432561,10.08266429989922,1.3189757206351895,-5.412310275718534,-2.663405969712299,-4.434235538406592,-5.7807552873169445,-2.268577831886553,-11.5955247055478,2.781098411014988,-3.1540036729812186,3.1759656832082888
-7.134769125224462,-1.3610763985082186,-2.317738299073084,2.4145570276137005,6.749039636464587,-4.569983026110213,-2.177412928736212,5.387242551920586,-2.1501270950330413,0.9591266345417184,0.3542602108344219,-3.718589177267195,9.322158825610925,3.0956803699003794,1.9868462446787836,-10.395006280269106,-11.02454168997524,-10.624156350920824,0.7762847457950399,-10.403343095546463,0.0020263151063465434
2.0782134674461332,-10.737543919421508,-4.853109742894504,-8.393629151521862,-8.899766069576554,0.4220879001935728,-2.5474785500647457,-1.3102150499472636,-7.121815568339279,-13.150407313777665,-8.666300375845948,2.3777434740677066,4.008580349396968,0.4215214141132612,-1.0848787212591944,-0.4440643456286877,2.97747324999796,0.46736901836625233,-3.696628559282769,3.519269708974889,0.2969452411814848
0.5454867676417468,-6.813281269695829,4.397554859513594,-1.0100332211823861,10.248658184883501,-0.2623399139200041,3.3922846481005573,5.79733154314075,2.9082003409116384,-0.16359802755861902,-3.0535966152557243,4.052974465374775,1.7094036870286795,-10.671743269869863,-10.90125479867828,-12.956132652122431,-7.093721315828988,-1.4121652815264205,-2.8458095411269344,-4.1108898659395,-11.29455824314329
3.7776976158620137,-16.713045368762707,9.45566444533164,-4.483305476344965,7.084683836782052,8.592245587607442,10.317588336983558,-4.163343016463767,-8.741027181769923,1.4063322036729495,5.830873105339484,5.957075052167008,2.4928115669384274,-5.14411551837214,4.156569706717813,-2.759018769991412,-12.970240871018701,0.19733216467984666,3.3353516688857683,-4.350282500774778,-4.694390979230747
-1.7746890339201886,-1.4868852056898438,8.486695957651378,-6.7346524478903715,-5.3694080984752155,-6.865291118971256,0.9236687773445784,-7.086886343467644,-10.895424274931775,-1.9535972335999099,-13.10834197201017,-4.526009176252812,3.1105974994007086,-3.235807848857622,-5.704015039675222,6.892257863827353,6.735703116375646,3.846984906785667,5.42856487277836,11.167394509412196,3.7389066412853356
-7.242889474627031,11.472417064945523,-4.97478378702753,2.78122787083802,0.5336526535715913,4.534225515723404,-2.9746734405808795,-0.8490184642379562,5.888445897053928,-9.08204642962134,4.6515309724861025,10.49128478006485,-4.773583418368782,10.761850582302527,0.48337547546472026,10.490721936239147,-2.6734543678417597,-4.73087716316926,-6.677194014262599,2.0311929162820124,0.006064814221434012
11.517846244873072,1.8916296669707742,-2.589390494626772,-3.3208178055693547,-6.737040502770412,-3.948723674012646,-15.31096085231184,-2.2497083197666163,6.312663211155465,-3.278317308220143,-2.4009740892029523,-2.3053541213539237,3.7388129877612766,1.3764628560735095,-1.112883575287114,-8.604755914702746,-4.159444985602424,-8.772339169229475,10.028394047613274,14.280917254423592,2.4082373964561232
1.4050456130789284,-5.085122464210057,3.30228286890748,7.439522753376429,-3.389670564303258,7.160147554976784,4.133791822759444,6.496807859984965,-0.7953962801941572,7.068676676596245,-4.508364664234587,1.2329651044762289,-10.21790702414958,2.7633896954446686,-2.585035352706494,-5.968545162641631,-1.6014470993577792,5.45191405025523,4.898412639548077,1.599782082117433,16.73873787024598
4.318604441542421,4.304690887816442,-0.9380164777787284,3.243072053769162,0.13519172207529712,3.0291189880941887,-5.616868850720919,-5.657315859549967,-6.896594256057494,-6.801742346584449,4.796799238440815,3.207612253974662,-6.625224066842793,-12.721793067802773,10.407840730178199,-4.930607721992567,-3.416985265699277,13.49787465352805,-10.10296043183377,2.8929424696321044,7.056669973298187
-2.482423030213098,7.682222282534936,-3.519463035531736,5.795628274393871,-1.6861283400401263,-4.419758606362911,6.583246548281598,-2.190274506638902,0.22103325403062857,-10.261668231451152,-7.4745289633217435,-18.65986755751501,0.40235226823814224,6.019872663197058,-6.409886043342289,4.9964173143487,-4.4928559701167075,1.1137462958678723,-5.859865097051068,-7.673685806317802,-4.576364731881297
-9.19889835184984,3.176663332897483,-14.0129165676127,2.7052765107329866,-8.855713210640548,-9.011680506990839,-17.216014321644522,11.089260075962848,-14.736695513387989,-2.5561711622516925,3.8702638610745677,-2.748475030724973,2.6156917860581825,2.579682923181672,-2.6591419200279214,-3.7063842157047695,7.16499875565711,-1.8343120411404834,-3.02122184151032,-1.1093353263595283,2.659981737454681
2.331262999420378,-4.955325328819225,-1.5377585521931807,-5.30956105144519,-0.407146434960395,-3.1369578100559616,-1.1189646926841739,-1.04429492187182,13.866997583369297,3.5852305618490474,-4.838431665733026,-5.094549320889573,9.301794545829974,3.9773829253547133,8.813635776190724,8.091900291857012,-1.0654774685685116,3.8865204309339747,4.866219270441789,-4.62443916726231,4.467168433303721
-6.611018930160514,-2.2049991323761784,-2.424557613890507,12.33836906591892,-2.935340474031796,11.969799117562907,-11.389721594661422,8.200304178226409,-1.1071345973936841,7.48321287108201,3.202088554246611,2.780601075611963,5.705272294946842,-0.590226159415044,-7.441381177459524,-0.30322288817129456,10.321670621633762,3.863068565651635,0.7677401768160043,-3.3516367144964176,-3.26651513019933
-12.160534494439593,-6.289987638107223,-4.3678003758438,8.764086999904935,5.171081189126433,9.70533534595935,2.865466870162642,3.6554768901291386,7.556153194148579,0.16136261294553977,-2.9062244521621268,15.527198559839587,11.502448849821564,-6.626054056200775,8.749037937374444,1.434044314567463,-1.211115919478769,-3.600391009888169,-6.75046929536947,2.7799284925983994,-4.810314480405661
4.727358592294803,-1.5979956852790873,-19.225488819311114,2.0014524104873024,-4.882647330480994,1.6713312455328166,-13.473057774817224,6.680900640927711,3.7186507814813816,4.959150538538536,11.061585891420622,-12.661033878845343,5.256583469336581,15.108984837581573,9.272045175409188,6.792014043339231,-5.224915678753366,-9.883369203106911,-9.286967906802833,-9.89048073511744,-5.711414571215379
4.756460545677127,15.01359531174878,5.849890299708938,5.657635208458155,-1.837203581242245,6.869412500224314,-2.2981200376898103,2.331156404791609,10.987019581962706,-1.0776879740185952,2.8383047639085928,12.09385184433601,-4.433618691577816,4.681901850562126,-3.4431905439204713,-12.28118836954208,0.3851002194065125,-7.552041378703627,3.520547214345293,1.3139558342205282,3.3076239205887674
16.43936879008811,2.622089218313995,14.251770350038228,-17.618884607822373,4.419854966112165,-2.0575857492170666,-18.407974220946123,-3.413402801533083,1.5969736582687775,-5.135798333752714,-2.06233276914213,-7.910838568403354,0.39141409988694975,0.20232820271332808,7.980317928956991,-5.037100905768481,-0.318002471195423,-6.022724585715977,-1.6377094715401954,7.229660306784353,-10.888263293470303
-4.020024424891211,-5.11123477214357,7.094652047848564,8.520238546038923,2.566323874416406,-2.16807030276736,3.4523925670056643,-4.287703047795856,4.605106588443528,-0.8416836716163822,4.383333040928051,2.8353875757212137,0.9951853711969998,5.018506341547455,-6.63175688167941,-4.210886777452712,8.521894796899803,-4.65801247223982,10.84484215050826,14.669969771608109,-3.101073342281648
-1.8589871878482607,-3.800583831084918,6.340238120242551,-10.247819359738294,-5.183581667565276,5.578821872029479,-2.1824641423770954,-2.547607683051435,-16.998223218368715,-2.53480555661845,-0.20159197637510656,-8.152698366758743,3.4711916489701165,-6.010203149963118,-1.2512927565978924,-3.734292404669468,-7.109030359031052,-6.625476639490592,-2.984731243880234,-7.8565729165219595,-0.5569258201373135
-0.6751969974776133,5.417157179936303,6.224066941778853,1.4505771508179048,7.569816040304668,3.2277647391849777,3.677068143147299,2.425960557213546,7.9155532519017715,-6.2524425234423795,12.952416971139758,-1.9470434137833177,-12.123009006829504,2.7731680194880193,1.0806567627968604,2.7010391502836044,-8.620437057477158,-0.08175211881199618,-5.446476899780266,-4.0666707265637445,14.809723857430685
12.458881085078545,8.205670222917469,-12.461908614058975,10.350344459525362,-1.406234055740229,-0.12047893953965838,3.8322081639193195,-9.37548310110384,-9.139315851454832,-6.184069465120778,4.738931613886731,9.912265866494312,2.9688898402909656,4.986975513850165,-11.93486133271882,-3.814094371656153,-1.5218741841319476,2.2359507411914823,8.776543972977077,-4.699396737221676,1.332463269137299
7.244451054289397,-8.58069802900153,7.333771555826826,-5.465320683389274,0.9131070406310655,0.49808269775170944,0.7854869203065589,1.856146994154671,-6.501349477926608,4.710338541896529,1.5673661958465934,2.208687032577954,-4.590161933748571,3.03923229739448,-5.979347287848836,8.053805849863735,6.707899827961715,6.505064620027031,0.9613345725753923,-7.435476970397378,-2.308782836963718
5.327550484441206,0.3542901435522263,0.6083878788439953,-5.5109157996341676,1.6685355730278224,-3.2055273110859317,1.5681649032741658,-10.644215254507074,0.1730145291259741,0.5433765573149785,-11.219883657388543,2.7387831884189904,2.237625941216398,12.123581371428472,-5.786246888249133,-3.6676811186261644,-3.2583286690591047,1.681487057966712,-8.4729539680076,-7.257541148849406,2.6151220576138847
-7.928205948741332,-6.475223177723417,11.277477441115545,5.686498090606503,-13.527156271202562,-8.410231913102024,6.400502603808486,-11.406580459687909,2.0372867485749704,1.470813757373982,8.044422819232143,1.3578630009648385,-1.7518485632131229,10.19299188570149,6.291771353500862,6.794837741336887,-1.5358478746217807,-7.701920403202411,15.901406589946518,6.814008309829185,-6.033006198588662
-7.191519893739809,0.26127127156046803,3.6405337094319954,3.33363584145853,1.9426663651569875,1.798383296053597,1.6067453928681101,4.1059702652535695,9.501959009069628,3.46035796775619,0.5434431460334646,-12.527827644588909,9.344385201770784,-0.19889566731971642,4.304279145819741,-8.216068379392636,1.997241041888183,9.398836146766996,4.758968336767525,-0.1829152538487351,8.565922100246723
14.591384577120653,-0.7100913976993581,10.402287965990867,5.924343695106619,-10.131871416610485,-0.46379639862500716,3.6597757229560504,0.19829794635087272,0.002238924778151574,-1.2626124471143259,11.336604150456145,-5.082159113145806,-8.318881895112144,-1.6723814237160337,-6.042603569559891,-7.722961196473199,-2.087033640123687,1.5420004479991376,-2.946955152615723,-3.495316237924923,0.7141259327358709
7.85543311900643,-2.261735255356373,-10.3303608658329,-9.780200229924596,-3.7970485930032796,16.62812096984113,3.9848869420626567,-1.5088410856900683,5.231141049618579,3.2395168313801226,12.823690728142475,2.553203723389485,5.341522894495707,1.7342414201548313,9.326808356566394,0.0037525279765330266,-4.77094119910952,-0.9255811480320193,4.767478030037113,1.2868928794228909,-3.039392374226278
-6.736621862179895,-9.269165643358233,4.8397676914193015,1.5967342350082174,2.8841449645420947,4.219438258010077,9.497649195509567,5.399547436302928,-1.2389382100276327,1.8545284663362536,21.60756290784248,-0.5019971549989414,1.5387012023086295,-4.290151362301994,-1.0151462359318386,-5.259530302646642,-2.3690034852455493,6.347272584729413,-4.876202490007733,-14.980844956451023,-2.3804908393918893
-3.0846258663800388,-0.40360858764539204,-13.485091884030496,0.25759875246793096,-7.961557489063051,13.497671850268453,-2.709854121207867,-0.6563720316012571,11.890075850394316,4.53845900325858,5.4325895394687755,-4.772241122851491,0.8248713569369343,-9.119293649059157,-14.266253096296145,1.8294353099118847,-2.3475955784863514,3.477952054268585,-6.56749576697994,5.23785045292231,-3.282243919009341
-1.7095718789587167,-15.290662615213204,8.789428914201507,1.591218252823305,8.550743183468425,4.209997707536257,0.07360615629953532,-1.6231132106728972,1.2016045579042771,-1.362465642010204,1.5242962129065138,4.195238941619349,-8.25416001067758,-3.1565098102785845,-2.141713742655443,-16.238884283255185,-4.686214134867665,1.228714919891003,-4.499182784087571,5.821502069181433,6.795357950965353
-11.144191998511198,4.939488620016737,-0.3485412595060906,13.65106394341367,3.185075787095124,5.300051563475243,-3.0420982487625987,5.271779218232819,-7.168532485816177,3.205691244365183,1.8763881108729192,6.005631207895311,-0.6024850757095872,3.810943213881336,-0.5757352029367604,1.0421713668746488,4.4653515357542135,3.813714922276092,-3.013936604525308,-6.368933243594868,3.852441683437603
-7.606055181594693,-8.492705865321781,-4.585057443810985,-9.923563958052952,8.033660884826238,8.310095600730929,-3.8924366464410456,-1.1909559885802745,4.662058889201207,4.774915792642393,-2.4693107950077957,-14.237598993605516,-2.402994804362779,-6.4000343912725945,7.603920545545909,-1.936433784585443,-0.6124111941748409,-6.558946902108098,1.6495361914570603,1.39770472486915,-20.427056250734015
-4.517815306009927,-11.024927589639011,0.2819516976956574,13.425512959065257,6.059810378496433,8.422263088647558,1.9202952100078272,14.246222140076217,0.027186901989958545,2.046616207260284,-9.595892923740037,-12.263997156779197,-5.314720080379571,-8.719131204855893,3.662782477777947,-11.307117255921773,-0.7072626328575307,0.05922516391869004,-2.244240340899379,-8.58269076279772,0.10196025603205289
4.603650274477021,-2.9875012194598547,-8.521030362815026,-6.328637595392149,11.020305011305094,-1.1706052929798485,-2.0796977645921695,-5.661783704233923,0.49863520470705613,4.414547394838305,2.8273972777672682,3.71696468473829,5.240858365352072,12.351830490435923,-9.358664562298287,-5.757785641153406,-3.743266791618432,1.1498411333408183,-0.03948196085388078,-3.724407664935131,10.826691674738333
3.3445949543791116,11.364902736182135,-12.696215407747559,7.672809897181821,-11.979372230144099,2.118063879822211,7.757586506088476,7.295977072850414,3.0266196824180125,-13.50250498341107,-11.44507234054355,1.3765375443933667,2.2443215067790585,4.714741260201125,4.431649701785478,4.313726735795556,-5.053231461138691,-2.6630009955394427,1.1044446886559416,-11.094522027286928,-7.62779750251495
3.6779569721402314,-12.943411507723578,0.3916771045138485,7.183742259291572,6.130066475127218,-1.111783034357729,13.069632590423558,-7.386779146584226,-2.8094469188292965,5.091454216123683,-8.741893773971011,-2.4418452907087222,-5.311775385940603,-5.979209556390367,10.468404133542675,1.636910331972193,-6.503602219374738,0.8018112961962347,-12.895257244161009,-2.5878305898055594,-9.544565733811067
0.11367973639647355,-7.350072558788867,-8.504322597573315,5.709882009568982,3.9699425768661776,1.7989579454482176,2.8424671307324925,0.5994173531967524,8.358699576634812,5.915628895094996,-2.233085829852504,-0.8836645932307559,-7.102276535244699,-2.9608597436955884,7.316889573539591,3.925708445088101,-2.2202782352584363,4.0322145892720505,-1.5962243937611327,6.738417544173902,-1.978623317560674
5.657149086347623,-3.1349754218337855,-7.108548737547394,0.09252559038863362,-3.4291289914418415,5.788667853627258,-2.403932828762839,8.44483088705726,-2.7536991283181855,-1.8924659014603367,-13.374012023552543,-0.7380681850090323,3.4976228092917916,0.23069870841060275,-2.888664587806772,10.453647303143894,-1.4145297680615985,0.40440122126776895,6.356957738553369,-2.0526626128725405,-0.960599635442759
-1.175077692973185,1.8516453634504484,7.585503693154321,-5.087425026483732,-8.562848584072118,7.227623539942613,1.5640979574511675,-8.642687661249846,-2.884738229711794,6.5387531578275135,14.14988727733444,-9.585815459988769,0.9722057493482283,2.826064252746832,-1.9643711896952134,4.624432350335821,-0.6944065056066977,6.559823347623077,-8.044019159585266,-7.135256119994894,2.5639808958220565
-1.3188062910277156,1.651979083697586,-6.396085520546587,-2.217273598812795,-6.2270673320301215,-6.721992782657831,-7.5796593394861995,13.769714931526659,-3.7815247001962797,0.6073071274549814,9.279588933894049,2.103667475739215,5.92199992496671,1.4456769418319726,-2.1501909190114423,2.0439356343815125,-5.911733700243789,-1.8577894919709061,-8.925954496253954,3.804344501770831,9.32902542807461
14.979724412399118,0.4271011527556142,-4.223076621872661,-10.659980806814897,16.108066830684447,6.6208217434523995,-7.328186050550951,-7.100441910669241,-0.3622107237063803,1.5669969755305837,1.7348389552775207,-6.631982263205854,3.6543152414262923,-4.605364493301962,-0.3164601281528395,-17.273980709795715,0.5099077530546182,5.356748856270487,2.8710412557179943,-0.65879924266028,-0.6763888692610042
-2.1188500108413115,-6.4940824295263155,4.035234631077035,12.009602145347433,-5.832760062184894,-1.1166589253437589,-9.444382544593783,2.882129605672441,-4.306033244251191,1.6444909067535731,-9.497463011060743,-8.353401144366472,-2.7069447096231873,-5.539264856622479,-10.451346313565594,1.2683204426960657,4.085398821727289,-7.825571158120376,4.575251852818035,-0.6705046263118706,1.9286873756392655
-1.9143230395702249,10.015267356141305,21.291221836020433,6.03076328222625,-4.784010908350764,-4.50325212792441,1.9295786547547467,2.297716391850314,5.533963970398919,1.372899722861156,3.4732358948632354,-12.263268571170952,6.96890260160145,0.5082410077576077,1.0699667107489081,-6.111541587962762,1.1130705820282807,5.744905283763365,8.260372829549903,-4.89127174270349,-8.963244043704542
-1.0595921500532732,-3.7112109067377856,3.513286348381516,-13.272914859501041,17.59564629485027,-0.9775946099309798,7.916573370244576,8.119370558663283,-15.567459123136446,12.610698591204784,9.312684650844032,-8.650955392283093,2.5290455326146764,4.670392237341588,9.047347386400498,-2.2608422776918853,2.9411952111323725,-12.416045786223343,13.009415601794744,-3.2184449370969217,-0.6514270447112054
-3.520019439308944,4.284712095132697,1.5993389962780775,-3.5807698987257286,-6.445940433860662,4.870883494598693,17.42103873252244,3.728601770696336,-2.57167146987673,-7.393470417098623,1.5209901191742974,-6.956806254793187,-12.105042684888208,-6.586744044108192,3.337219897310737,12.26799994017935,7.364385820279205,-2.6635408764191943,-17.541423762104355,-0.43537180450486024,-7.137281456284271
-6.560266606849151,-16.229814399546157,-9.837717426213969,-11.340910475437282,5.314296230160199,-1.3437278017809746,11.515244905457939,1.206627678121147,3.4562885664706595,8.245867588031357,4.643493971323031,-1.5130994683265175,-3.9665376074822047,-5.676393621767864,3.7794440800408102,-2.023223674090973,-3.3375306904449324,10.2562962207866,5.0915770730250705,2.1524766054898583,-0.5112793037829771
-9.419589640372267,-1.9865614127142939,-11.407874320894516,2.29419579016817,7.510077791929387,5.404072519917311,2.5860720459498916,11.623025811433553,-3.359978537267906,9.252442191322366,0.44109095471128834,9.502805915126336,-10.816244107093569,-3.7286496508276765,-8.677163270406801,6.022109473999769,0.5834612227370845,-10.583246683950115,-7.75964055269236,1.3069982036398824,11.34283745492739
-1.5699342130012535,1.9675048793938135,-6.709012276796156,-5.565271098241376,8.599274760160302,-9.81847180321649,7.017327964817344,-0.8231330801572818,0.29861773260923186,5.048081591266793,8.254547597074904,1.8043836392922927,1.9229125006851888,10.389720353540872,-2.5433127400509785,-8.18449469925409,-1.255510007494867,-11.456679705002992,3.0029533314016432,-6.046064976806727,-7.814476602897576
9.317475168165663,8.410260446303026,-15.745677104309756,-0.5364583950091795,1.2874484623917026,10.954181845124895,2.069546838344752,-8.15748678500726,-2.788957448516194,12.750793919803602,6.148548008319424,-1.8997822624481238,-1.0419346011511714,-0.9985877684422315,-5.3497126826778185,5.687049365813481,-3.4058594700429787,-4.494056778384625,13.17062532852728,12.467063725576338,-8.867248922813346
0.4075036054726173,-6.711070311128065,7.871955890421937,-5.174038311570624,16.272820652532218,3.6372010988396024,13.960411512635686,-0.5905295595757335,-6.750207108492021,-7.269453266704659,-18.990214869355967,7.1935926811388535,3.7127035195314932,12.17829072882181,2.0375159411300046,1.7598387090168175,-13.976662604925945,-6.2813478867778985,3.6438363998696306,-8.540787958031592,1.583619442528613
9.366559774631344,0.48025472284305815,8.522375128010756,-0.29331764999929943,-8.627816388923973,11.041865927962466,-0.49151289357539113,-11.277623696917201,9.55136730270308,-6.594425386860735,13.478773930035068,-1.7907864067726575,-13.436339212500316,-2.8192351581427753,4.013227708853845,6.591646130511321,7.026706649827217,12.874260329201944,-8.124435397531652,-4.24242379895154,10.788383067796314
-2.134347495389163,2.0395479707215665,5.2143605296709294,-13.630409777302486,4.056400053631226,0.9058519280463035,11.644525731447766,-15.0480562060458,-2.7586269998702293,3.1338379726446317,-2.2726410407939186,-10.484061996978467,-1.00278936208392,-2.2222297421556414,6.371595433110974,-0.4719979623908377,6.843643958969644,2.5247613846164096,-1.1794495934767428,5.037801940707818,10.340430480884134
-3.3306804664039515,-1.5162187017812712,-6.459143338302949,-7.8533621805419145,-0.5387216757767131,-8.605498419524952,17.22585311928137,11.420393018960716,1.7241285168945415,-2.064087041978863,2.2073779036497543,-2.185515610321921,1.7452540904813971,-4.560468703049546,1.3447814676318381,5.978215234378071,-2.54399150865366,-5.176083444094924,6.06414631123936,9.508765073025598,1.2580507646167245
-3.9496571046293836,5.548456095764066,-6.551133117718466,-3.429190900064893,7.8725435182743135,-1.5995270095611707,-11.243146692442155,-9.853626865693272,-5.067949107393172,-14.09098000530238,7.6447634585412745,1.7661087799132202,4.096380547008473,0.4273617491590398,-3.599158287130491,3.453835713107377,5.621072773726229,4.913325338865592,1.35298378161899,2.534522189294923,-5.256554906211821
4.467886943848998,2.398341437031833,0.7767360731840894,-5.931196575337677,-10.196392755244238,-10.389218467358779,-4.183861804617682,4.273232153220114,-13.116306733793175,-4.5227361250777545,6.083597777764558,-14.400846416305884,-3.9353256432521797,8.100786387818914,-1.7527212283590716,7.119165497481674,-9.72095138291136,-8.800829663313705,3.23017701621342,-8.956290881264627,-2.6302507889756805
4.450535913636981,-1.4769545767117984,-0.8849845812549203,-12.228049376531779,-2.5362534136803485,6.60772045697049,2.323304788871313,-3.3408040907681213,4.465037015115041,-5.792241101735675,-2.5450016380463847,6.672142864305671,0.16521287786296424,-5.10348795865008,-5.323521544186759,7.4627504837230445,0.2637240292631964,10.626407665556757,-0.9588025253639929,0.9255678584939139,-11.15351883453014
-2.70884541737967,8.564896066649789,-3.955970943462769,-9.22882707802206,-6.844247517433784,-3.2743111498740114,2.877687614444834,-4.966932896559724,0.05848470815204032,-0.9949212959143362,-11.274690090050672,-0.36145926461954514,2.6106075289561286,1.1165054108586459,8.12452671874983,-3.5199550684702197,-0.432054710366068,8.444604367632882,7.995550262808864,-8.891743875860268,-7.816729780225002
-3.949710750913898,0.9934479384862483,-19.730301302623086,1.354974623512417,-5.207820891620776,6.188807683145474,2.742718232974706,4.268882324554996,7.305210577639999,2.0593727311145305,2.989048649756206,-6.990760345845099,4.716612449797701,-2.2260465845529755,-0.06523053838533782,-5.04113899877897,-7.660792316504787,-5.077952091889632,1.6130971945209525,-17.155372986413873,-3.650810789030385
-15.112487686318342,-2.7639582737893233,-11.463004848486872,4.104547711998801,10.027463874505685,-2.5406074799615848,6.3156508846682184,5.645987526283884,2.2005665852730747,0.3746008079408379,-4.539630487758627,-0.557780820687076,0.08253671510676214,-3.513748391974671,-2.5779578312564504,1.3171351499389359,-8.868454120123905,-0.6795567767385352,5.684931827707574,-6.801323505037988,1.9432468345369869
4.9376191596679755,5.350722536731005,2.534165961398322,10.372164274545021,-5.964748549166606,10.111214188716682,-9.41057168569188,0.41347621121955436,-2.207527547840474,2.535358035793922,-7.973800156748537,5.802595886480193,2.97129348414222,9.183964519150383,9.201952398227858,-5.650504613118904,-8.047610119794369,-12.037712948551347,0.7297346131445076,5.331061998238675,-3.9955497153123685
0.04982399487223782,-4.16116755129506,-2.766046892724505,2.344989070710716,4.826234220560936,6.009754662436824,-0.4401502074816106,1.5155784483319512,-1.4038019430689235,9.921357819985197,4.515356291413171,2.299368202929802,7.786456570642536,4.219121968535368,-7.264163199179294,-0.04179365955773895,0.8198427167941733,4.662886892473539,-5.910149708223245,10.44688013848351,-6.118262120182871
9.100601935939267,4.929202324806045,2.597041398628461,17.171036354081586,7.861495886229456,-1.6226893478635391,8.296533071586383,12.611592584907719,1.0066732211673066,3.7882730300240084,-15.36434547707551,2.3873875908666315,-9.75901509320579,-5.500914130499862,8.100735272273287,6.776551263309387,-13.48126613648678,0.8143814309352339,-9.518930829822855,1.1486403814903765,1.176838415775764
5.029449662325897,-10.08095230636335,-5.001512256545217,7.149990746216657,-1.7873582753257409,-6.57932166781212,2.917079883687063,-2.9934189651875647,2.6394876260898337,3.223915292100618,6.579974287869656,4.761513383436522,-6.323265700286968,-1.083350807555668,12.666922339082737,5.216000094483642,-9.404137401771157,0.715597751419669,-6.140732474955527,-2.730805820994003,1.1303669053224292
5.263333018486868,-0.2629854772381384,15.962562322282805,8.16224313501187,8.141282416355432,-0.45114221537965943,5.4952976187267755,0.9427767500240246,2.6860159090915303,0.5117654258171359,12.606436272010864,5.7161131925626165,-0.8251059893379312,2.657858102890197,15.111419536519055,-9.149592722822156,-2.8450756826731065,2.7745566005847238,-4.336584015964488,-2.2372932414621536,-6.276959158869506
-4.569899826413657,-3.9096324275982868,-1.0165537622209375,-8.330951686815,-4.2726114821185295,-2.630816595037546,2.529790450277811,-3.188879919064096,4.059245115245145,0.07026944679482283,6.151007106093876,2.2085690114696837,4.812613045412279,-5.55110237627727,6.772874222399119,-2.3622507530450463,0.276367393056661,-2.0038619273500906,-4.043933984289926,4.773927864521725,-4.841156845124901
-4.285711768258765,4.530815181709732,-4.026493338045807,13.46532789938165,8.120036151282514,-4.009304218332513,-0.33365187131753926,-0.4930386629145249,2.4821203256014477,-10.5177032534177,0.5874321896687864,4.241852512986638,-2.491096537148249,-1.9062104215927906,2.5639892222313225,3.06023106329425,3.5965533665335627,-9.291085946414071,12.248095257188673,18.228657973601038,2.770071905422529
-7.842171947933658,0.9091417349918922,5.926604083331891,-2.828066168638794,-5.1722920079877595,8.91049936786743,-3.500576922598416,2.9045462178765873,-0.47452169869988037,8.256752670152418,1.6060289715586014,-5.504775497828642,-5.334835423881191,3.031933086180818,3.812857317147742,2.1170556611221283,0.175193754862285,-12.680651421197314,6.526967471930004,-10.12507046330316,-0.6321206592465265
-6.067977135682621,-1.9615083350797748,-1.9717566455257058,-2.1087045425929136,-0.11192600970607247,-1.1068168761173525,-3.9466862870494235,0.7704685254265509,-1.9220896526337152,-9.5477406888561,-3.937833653758244,1.0738616561074448,5.088894167337718,1.9564259023603738,-5.249826038842818,-1.5217351289174523,4.85914112273591,5.621322626894039,3.72912994189891,8.375179108505122,7.494944140856465
-6.769430287538797,3.3859172183615525,8.284226275969049,-11.213596870779394,-3.856036653073227,-0.5644557845139365,10.385201726091246,7.188661269629982,-0.9722418950972832,3.597802421976878,3.0735611881352414,-0.6292505249553186,5.002962881861845,-2.003744825054402,2.4359616305497775,6.102218714657182,6.41722193114918,-12.259766884701936,7.605213556322562,4.698173867645215,-3.4684948230291677
3.7055354708772175,-5.531284786658607,-0.04863376138810373,11.115580992900853,6.952683354642733,-1.9105620020612628,3.217537512310142,15.752667809157995,-6.711058631337712,3.668294807645184,1.3051398857123706,3.9739932979568335,1.9570681957597253,-2.6110139936625507,5.773808544182444,1.9362096873524077,-3.3111663741852886,-0.6533553940241242,-1.8574611019423888,-5.3449242242529875,11.683759869084398
5.024772103518249,-0.03301914524070537,3.9428745984271467,1.2137580592341943,-6.218059548402367,-2.0787913007075773,2.265405671577689,-5.087322140666006,-3.9758413182936603,3.4832394725035023,-1.6755455351867756,-0.5387710382234108,-0.2401635437004111,9.102622798079247,1.7721026112102531,-7.42197184855491,6.253836651267793,-12.275800032549524,3.3187372123132732,-7.451872445456767,-0.838633745678158
0.3531057024009313,-1.8271069310502432,-1.5577641673010871,7.4210633512186295,-3.254964184900794,7.642957623571834,-16.04599819730957,1.5813807294929654,-12.509158572852584,-8.06427947070807,0.15029127245521168,1.0441328103251402,4.190051924333956,-7.426814323085166,-0.44570176498849023,0.289914811432173,0.7553617843715454,-6.999215605715276,-1.6024951662719698,3.938504628567251,-6.82153428074269
11.083452816029418,-4.301624734232158,-11.4028763696067,7.05569839200891,-0.43982714300206016,-6.294415733555881,0.8375323379507665,-6.550939625653098,-6.50846362729751,2.472876453972056,-1.640303044293957,6.358860782919992,1.8685244318555017,-5.453649011243122,7.5723215474031855,-5.856545247382584,-2.558175306403294,1.897940387720287,11.57611596359389,-8.577201949714233,6.042183153197659
11.99584365494567,-7.190543810511334,1.337688580681069,5.47031481346287,4.125026966586793,13.462813294361519,-6.812142768376399,-4.410401812061719,4.268368254648007,-2.7551136029723384,-5.616990735588637,0.6087572958115219,-2.9269885747517472,6.407435094015835,-2.8229631312152987,-13.051762998699193,3.398806717054444,-4.559595308423769,3.957416744110189,-6.932616177527278,-12.36889293477062
-6.611392592829597,6.968562272840423,9.675849255160143,1.1552764903152317,5.666821115496159,9.117810093533004,2.9050107004346066,1.8765170456530784,5.670728678426527,0.9542662375145593,6.419482094406022,5.715792292021699,-0.3758603342465844,4.697612647605481,-2.9725242201861755,4.630753824142339,12.300155545064285,0.2873572998235542,-4.83211335560021,8.99355479465569,10.301967285749521
-4.147066259126004,0.29709008505568035,4.077018532496927,-11.242225031160164,-2.843497737880447,-3.1505428200560157,4.788074209940017,-9.480795704570477,-7.456294514053599,-5.2602668845872405,-1.0963038686150735,4.741027506909861,-14.42212278833642,7.132782810768413,8.766125816165774,0.8456479550350215,14.006694771362758,3.329797041297695,11.920160074512413,-0.978785748945513,-11.591277267967918
2.8387462684556035,1.8084366669412901,7.833915404796628,-1.8048411767002863,-1.3774986889263592,-1.405900125185953,-1.2033808034151923,2.596598542003306,2.2280442933515836,-4.033355398665023,2.610390652558185,-5.201059704125628,-7.376166344345991,1.8303759142821272,-7.293313423839113,-6.320464865452636,-7.449953710531429,0.2452532470958292,-5.736026960523566,-8.736709159149385,2.0899261612637243
2.4251821821007633,-7.946742040260986,-6.58522368293844,-8.873732574767793,-9.346710035176503,8.79823766265198,-5.081773887102401,-1.1937969858288011,-8.941154274073938,5.728230123607003,7.046534209211566,4.641200399192247,0.19059839125253097,0.4968405247824971,9.30087040584674,2.9664626660359428,3.326549858637979,-6.056734236037768,-0.7739375738301687,-6.033946763404063,-9.400176854299854
-17.43815022123489,-10.707954163227537,-13.849733669216826,-9.018444772875498,-7.026893676184273,-0.16905733606796514,-0.4024037134539044,4.429592770108634,3.042026536012745,-0.02775764105464662,10.783248270013349,-2.6716729262112984,-8.783184060502835,-11.287890524340654,7.721018266801046,5.218392029556278,7.418136999599407,4.991663656333446,12.503863011265803,1.3202441686188313,8.345282002480413
-11.441169069711869,0.9213683204898615,-5.63510231646219,-9.60486051664124,-5.554170152031625,-7.317411969115663,-2.873950982810013,0.2020941732730144,-8.91704297796757,-12.279957558141257,-15.370378582397139,6.780863363236928,5.930259070051451,1.874398267617051,-6.838206105099528,6.74393332889297,-0.7767228867934408,-1.4250405037572211,13.515761443475778,11.376872062743404,-2.4541743614975022
5.809195698317939,-0.5574236575035336,-13.967919376896308,-10.950549132227131,7.693974353208605,-4.681698047270759,1.1065264433617221,-1.0552870019603355,18.527994886466633,7.41542277291677,5.947082698834626,19.806324283699464,3.427735941143744,-0.9791367140083604,2.3028413417470355,-2.681628771711223,1.6741180623538294,-0.7118197695792958,-14.495046485785172,-1.4284250483914105,2.53739211302243
-4.0073376269447,8.857186260931417,-5.664399743409609,7.480513014361243,-5.789847708524323,-4.1080404468099,3.2296964708539826,-14.531609033623674,10.16169030427162,-6.2003200184260985,5.763294399903415,0.8789156174918928,-1.7323170473671543,4.030269133867982,-7.872402585759941,-0.4218515728017742,-8.051360391457468,-1.5896459148534827,3.517127868637301,-4.85538358418405,3.4035430337414
4.220357113217672,5.92256316148192,-1.0508556066248205,3.0284836335565064,-2.9483299509602325,9.934382311006187,10.018676152304717,1.8976340937177492,-7.85390683440748,-4.9259939577557175,-1.9286922242244002,-0.10054006750145728,0.7400289607238604,0.114187587621917,-0.7806444832922105,1.1994763320377277,6.835740747659262,1.1125017971328746,-5.019193187382734,2.7305069197152805,2.666937840666071
-6.818463589621088,2.1593212057840523,-7.783810797755306,10.70024766594069,6.223740248901592,0.16362255664298347,-1.8230461427961042,-2.903310051675654,1.2318808367944563,12.96505796013612,9.924919354103945,6.201706701119216,9.684336648479347,-4.18552463902025,0.1294467029761983,-1.2339051744337657,-2.543963885945348,-11.570879951755396,-1.905876658423155,-4.737300396220963,-5.009332829652513
7.09205385349294,1.2235825797112412,5.491658388336435,-3.380218147804047,5.991506576371509,2.3606550706943117,0.6620099107688442,3.393616191016358,-0.627197152856765,7.653259853722199,-0.6720539093788409,2.2810293056916553,2.187257222432662,-16.06185365289531,7.427576359656831,-7.756809780698135,2.215809493437749,-0.6363914847504386,-9.246665061301997,-0.7979597893517475,8.20804174226067
7.413285128913565,-8.92905987916065,-0.9873048094981489,-1.6566549191870656,1.48529010752994,-0.11889278879179438,-0.6133464362966401,-0.27431209086114716,3.6430126541917653,-2.32657799979892,5.928387351670534,1.187212100155028,-0.2945426326213023,5.699508171565453,0.12926788515507437,3.604092790998757,1.8215284829740268,-3.0676336170456024,-9.719268112102633,3.9987346933693453,15.656056205688857
-8.772797850753282,-12.014396826607003,0.9091584660830756,-5.407812233902115,4.003411418292987,15.912994710885163,-3.988220738208933,-2.102344614661227,4.07269245149522,-1.2452378754620792,-2.073791545271769,-9.689654883140378,3.3439001170778,13.04934223109007,7.276742980130234,6.6171912787022515,5.342295446896845,-11.260491874477879,3.2693577729922745,-9.21197888333879,-12.208227967110453
-9.93719967142113,-5.949626127035094,9.367256606124167,-6.2533854914561955,4.506967661283529,6.851755942208113,-8.527440291569583,-1.9943834584842826,2.329890379960303,-7.5306249355063075,14.091797084905707,5.501457090794704,1.3521953046286725,-1.9087384596630288,-2.998028235303551,-1.393655324584615,-5.185063777137722,-5.0481013529899785,-3.247906095305191,12.997182784389928,8.730377339646841
8.144587233513482,6.805636264251329,-8.329447381532361,6.995855186829847,-3.2848896655390893,9.017651411508485,-0.4000312571140131,9.507219401212149,1.586234968379201,-6.528092281495311,4.625630099372431,7.164276626702003,-6.234483424115717,-2.9587435529945525,-2.1100235649557364,-3.9503097064272015,-4.318012417317272,-9.647587231719257,-0.3697827829548562,-5.087113668769836,8.681752214942117
4.725104290659095,-0.16247190451701254,7.97078512721201,-8.372678489150159,0.17032262948990567,-1.5407041700770685,11.448215564467084,1.755059148618192,7.559337876918618,-5.0318117980454415,-0.9411551865312303,5.565600146800458,-3.228007855984666,-0.21475676871894356,-8.698470434658367,0.38541081470064675,11.197981189853245,-1.6441892237206532,-8.606183531909068,5.133453369759639,-10.992398811795866
8.749997668927676,14.061351457465324,-3.4941663635017193,2.8325157608019778,5.476668291811454,-7.162436268265217,1.4564318818867117,1.1942799836847156,1.7665647784050538,-1.2306404547388508,-1.2933699092628013,9.11337444682536,22.5139403397816,2.6357648269236695,-0.6013090211926215,4.704859976939737,-3.905591467256081,12.43353039387309,15.647419336690346,-10.608953718579052,10.533951991540992
11.934414124168814,2.4510868743872614,1.5379966694237748,-2.8763525592678163,-1.252610196099171,9.257179985471312,7.908514703303668,-7.751956601674296,-9.987972996713776,9.45723533796869,-8.591358913476002,-2.8766547021009115,5.304725234708234,9.156274004884141,1.706225029164087,-11.701928645461416,11.566830055057526,1.8541335004907233,-4.292723623742197,14.158353344884027,7.709644062644412
2.067718857385249,14.019960088467617,2.875565892104257,7.184403963075022,-7.705532003394891,-4.458002608013249,8.252412126519435,1.3080631441444162,13.703418404130234,-9.495584590674007,10.707090678209171,6.179614406235238,-2.1691614015398004,18.668694075230825,7.502421592523281,-6.702541007704131,-5.507566770469847,-5.871979858138562,2.069151261046726,7.61858781605261,-6.795924300065037
2.7052718968849727,-4.436265223851897,0.08975976500313587,-1.760727211185782,-18.965345416715213,0.5699738845329176,-9.721108724823274,0.49674551861905347,-11.514964914445892,3.229228126711367,-6.569497547848646,-3.7136963831640113,7.717902678705885,-8.621132588163515,12.718324642536691,-4.288922802625124,10.65546966541123,2.072607926168131,5.328878310141496,2.2409163213425702,9.36440456460385
-1.3697527771466065,-20.219001763534415,0.6783332438321837,-1.0204748715129914,13.431000264475802,11.469439437646255,5.870278238299883,-1.7187576972565992,-11.259677164168982,8.573141260535992,0.8957259295396789,13.093130940369752,-0.3131386411696426,16.463037589640713,14.108995774964864,0.8345756362625746,1.0119365972964176,-3.5545325505875405,4.794187715358085,-1.2949527230233713,-4.867005138223453
2.2166885102396057,-11.40466688907276,-0.7250977807623732,-0.9329500521901636,-3.4017443897892736,10.874773131650413,14.238723179891938,-9.87520392830771,-0.2423167818893358,8.596828409620763,-3.842009732893045,9.578768521994535,7.577217791773055,6.321292517071067,2.8558930153387325,4.3942889732835315,-1.3323670268349548,3.7110525643824825,-5.434960763298717,-4.692382980669242,-10.365218127433685
-5.7718558446876145,6.340066181245787,-5.771369826808214,-3.932286426232883,2.6684769199633225,4.273753429579304,-12.456532283263654,-0.16938025824624803,2.4621810387926537,-0.05307276801772848,-0.9078653834339377,7.03015387669727,1.0008415453431598,2.85371932227929,10.437452540289522,7.829629065990157,-5.089879492473656,-6.701942737066517,3.0002464036407615,19.478294944761544,-7.886597989950089
9.519498283992226,-10.152722318652653,0.09603059085828503,4.759908107841224,2.339087672786051,-3.8469126256369606,1.508619079271614,2.4799902724503124,-4.315445286113702,2.379942683927894,-2.3619551063798925,6.019649871447989,9.806855452811098,2.524152256238716,-0.5479927130975188,-1.0268940393439236,-7.025641578889762,4.616647322462329,-3.0475672228146324,-10.135469975726615,2.4541799807221656
1.3260097550521937,-12.865880850553367,3.9988194681049585,8.966879886236558,-0.6469005245700439,5.057027205086459,-4.192754951734491,-1.3880653235937002,-4.170654300332117,1.2120472024780304,-5.724016130666054,4.295886363037035,1.0772247283800807,4.408348837306074,-9.824432085327807,-3.8942211124810737,-0.21368164566266168,-14.991387870344617,4.214276262313086,-9.170051107499164,1.3066647369154714
1.0297358294521581,12.66913461820306,-1.2662528083003746,-2.725923471147542,2.136507934527658,8.46364374521995,3.8586975728884507,3.640007624548893,0.5064374514022726,0.01669424206131176,0.5955371841009269,1.1888188896465313,4.151161001683041,-20.514625176659663,-3.8064679916781268,-5.547057147415407,-19.00579519174906,0.02915692679927373,0.24324296865302464,-19.03511171467683,2.2367227887161096
9.227794219125835,3.95072842068256,0.5622974965766435,5.669813770256154,0.13178198348629422,-3.277549618220679,-9.660802787656507,14.632278519478925,-7.163721578195377,-1.0357083395523872,2.8517551425431047,7.85169526259227,-9.559121303756557,8.421155002515214,0.6982904441442549,-1.7735196191739178,-4.620386353642649,-13.083510975167552,-15.70723151162317,2.7122918644963225,15.738644563853343
0.8337587839739835,-5.973220159882243,2.7404608454000967,12.195128083985308,3.4562664618756562,-6.7545825117350935,-1.4433258523785621,2.4804868326277827,6.929543915465325,-11.886570835325623,-7.309771215637138,-5.561234644249589,6.236783314792396,-2.8155232720237726,3.267643507244535,4.571228287179011,4.923424880545354,1.8432410584225798,-8.264270655651513,-1.6815094117651788,8.536839033259193
6.389637008456308,-0.34004573081634637,-10.998856256050363,14.497776275873964,-4.268204239737651,3.5391808971271086,-3.5848184882685854,2.674145816031212,7.077067291000431,2.365319104332151,10.226845848505995,14.784030417161226,-7.173790132949293,-15.641014158264634,-3.1285944105803414,12.863122458587632,5.270522349784772,17.114548107012336,3.642395049293401,1.3910159238504296,2.9553970510302414
